net_path,raw_path,log_path,converged,warning,ltspice_version
C:\Users\AYUSH\Desktop\btp-sram-fault-diagnosis\data\sim_work\testbenches\tb_SRAM_F1_M5_S1_27C_1P0V_0002_read.net,C:\Users\AYUSH\Desktop\btp-sram-fault-diagnosis\data\sim_work\raw\tb_SRAM_F1_M5_S1_27C_1P0V_0002_read_3d7332cc.raw,C:\Users\AYUSH\Desktop\btp-sram-fault-diagnosis\data\sim_work\logs\tb_SRAM_F1_M5_S1_27C_1P0V_0002_read_3d7332cc.log,False,missing or empty .raw waveform output,
C:\Users\AYUSH\Desktop\btp-sram-fault-diagnosis\data\sim_work\testbenches\tb_SRAM_F1_M5_S2_27C_1P0V_0003_read_0.net,C:\Users\AYUSH\Desktop\btp-sram-fault-diagnosis\data\sim_work\raw\tb_SRAM_F1_M5_S2_27C_1P0V_0003_read_0_a8e8e806.raw,C:\Users\AYUSH\Desktop\btp-sram-fault-diagnosis\data\sim_work\logs\tb_SRAM_F1_M5_S2_27C_1P0V_0003_read_0_a8e8e806.log,False,missing or empty .raw waveform output,
C:\Users\AYUSH\Desktop\btp-sram-fault-diagnosis\data\sim_work\testbenches\tb_SRAM_F1_M5_S5_27C_1P0V_0006_read_0.net,C:\Users\AYUSH\Desktop\btp-sram-fault-diagnosis\data\sim_work\raw\tb_SRAM_F1_M5_S5_27C_1P0V_0006_read_0_9cc844a0.raw,C:\Users\AYUSH\Desktop\btp-sram-fault-diagnosis\data\sim_work\logs\tb_SRAM_F1_M5_S5_27C_1P0V_0006_read_0_9cc844a0.log,False,missing or empty .raw waveform output,
C:\Users\AYUSH\Desktop\btp-sram-fault-diagnosis\data\sim_work\testbenches\tb_SRAM_F1_M6_S3_27C_1P0V_0010_write.net,C:\Users\AYUSH\Desktop\btp-sram-fault-diagnosis\data\sim_work\raw\tb_SRAM_F1_M6_S3_27C_1P0V_0010_write_31370fe2.raw,C:\Users\AYUSH\Desktop\btp-sram-fault-diagnosis\data\sim_work\logs\tb_SRAM_F1_M6_S3_27C_1P0V_0010_write_31370fe2.log,False,missing or empty .raw waveform output,
C:\Users\AYUSH\Desktop\btp-sram-fault-diagnosis\data\sim_work\testbenches\tb_SRAM_F2_Q_Qb_S1_27C_1P0V_0014_snm_hold.net,C:\Users\AYUSH\Desktop\btp-sram-fault-diagnosis\data\sim_work\raw\tb_SRAM_F2_Q_Qb_S1_27C_1P0V_0014_snm_hold_d4c3e3a3.raw,C:\Users\AYUSH\Desktop\btp-sram-fault-diagnosis\data\sim_work\logs\tb_SRAM_F2_Q_Qb_S1_27C_1P0V_0014_snm_hold_d4c3e3a3.log,False,snm_nonmonotonic,LTspice 24.1.10 for Windows
C:\Users\AYUSH\Desktop\btp-sram-fault-diagnosis\data\sim_work\testbenches\tb_SRAM_F2_Q_Qb_S1_27C_1P0V_0014_snm_read.net,C:\Users\AYUSH\Desktop\btp-sram-fault-diagnosis\data\sim_work\raw\tb_SRAM_F2_Q_Qb_S1_27C_1P0V_0014_snm_read_06fe35ac.raw,C:\Users\AYUSH\Desktop\btp-sram-fault-diagnosis\data\sim_work\logs\tb_SRAM_F2_Q_Qb_S1_27C_1P0V_0014_snm_read_06fe35ac.log,False,snm_nonmonotonic,LTspice 24.1.10 for Windows
C:\Users\AYUSH\Desktop\btp-sram-fault-diagnosis\data\sim_work\testbenches\tb_SRAM_F2_Q_Qb_S2_27C_1P0V_0015_snm_hold.net,C:\Users\AYUSH\Desktop\btp-sram-fault-diagnosis\data\sim_work\raw\tb_SRAM_F2_Q_Qb_S2_27C_1P0V_0015_snm_hold_46a9823a.raw,C:\Users\AYUSH\Desktop\btp-sram-fault-diagnosis\data\sim_work\logs\tb_SRAM_F2_Q_Qb_S2_27C_1P0V_0015_snm_hold_46a9823a.log,False,snm_nonmonotonic,LTspice 24.1.10 for Windows
C:\Users\AYUSH\Desktop\btp-sram-fault-diagnosis\data\sim_work\testbenches\tb_SRAM_F2_Q_Qb_S2_27C_1P0V_0015_snm_read.net,C:\Users\AYUSH\Desktop\btp-sram-fault-diagnosis\data\sim_work\raw\tb_SRAM_F2_Q_Qb_S2_27C_1P0V_0015_snm_read_3d90ac49.raw,C:\Users\AYUSH\Desktop\btp-sram-fault-diagnosis\data\sim_work\logs\tb_SRAM_F2_Q_Qb_S2_27C_1P0V_0015_snm_read_3d90ac49.log,False,snm_nonmonotonic,LTspice 24.1.10 for Windows
C:\Users\AYUSH\Desktop\btp-sram-fault-diagnosis\data\sim_work\testbenches\tb_SRAM_F2_Q_Qb_S3_27C_1P0V_0016_snm_hold.net,C:\Users\AYUSH\Desktop\btp-sram-fault-diagnosis\data\sim_work\raw\tb_SRAM_F2_Q_Qb_S3_27C_1P0V_0016_snm_hold_cca79b31.raw,C:\Users\AYUSH\Desktop\btp-sram-fault-diagnosis\data\sim_work\logs\tb_SRAM_F2_Q_Qb_S3_27C_1P0V_0016_snm_hold_cca79b31.log,False,snm_nonmonotonic,LTspice 24.1.10 for Windows
C:\Users\AYUSH\Desktop\btp-sram-fault-diagnosis\data\sim_work\testbenches\tb_SRAM_F2_Q_Qb_S3_27C_1P0V_0016_snm_read.net,C:\Users\AYUSH\Desktop\btp-sram-fault-diagnosis\data\sim_work\raw\tb_SRAM_F2_Q_Qb_S3_27C_1P0V_0016_snm_read_f817e886.raw,C:\Users\AYUSH\Desktop\btp-sram-fault-diagnosis\data\sim_work\logs\tb_SRAM_F2_Q_Qb_S3_27C_1P0V_0016_snm_read_f817e886.log,False,snm_nonmonotonic,LTspice 24.1.10 for Windows
C:\Users\AYUSH\Desktop\btp-sram-fault-diagnosis\data\sim_work\testbenches\tb_SRAM_F2_Q_Qb_S4_27C_1P0V_0017_snm_hold.net,C:\Users\AYUSH\Desktop\btp-sram-fault-diagnosis\data\sim_work\raw\tb_SRAM_F2_Q_Qb_S4_27C_1P0V_0017_snm_hold_b4ede2f2.raw,C:\Users\AYUSH\Desktop\btp-sram-fault-diagnosis\data\sim_work\logs\tb_SRAM_F2_Q_Qb_S4_27C_1P0V_0017_snm_hold_b4ede2f2.log,False,snm_nonmonotonic,LTspice 24.1.10 for Windows
C:\Users\AYUSH\Desktop\btp-sram-fault-diagnosis\data\sim_work\testbenches\tb_SRAM_F2_Q_Qb_S4_27C_1P0V_0017_snm_read.net,C:\Users\AYUSH\Desktop\btp-sram-fault-diagnosis\data\sim_work\raw\tb_SRAM_F2_Q_Qb_S4_27C_1P0V_0017_snm_read_7c94b34e.raw,C:\Users\AYUSH\Desktop\btp-sram-fault-diagnosis\data\sim_work\logs\tb_SRAM_F2_Q_Qb_S4_27C_1P0V_0017_snm_read_7c94b34e.log,False,snm_nonmonotonic,LTspice 24.1.10 for Windows
C:\Users\AYUSH\Desktop\btp-sram-fault-diagnosis\data\sim_work\testbenches\tb_SRAM_F2_Q_Qb_S5_27C_1P0V_0018_snm_hold.net,C:\Users\AYUSH\Desktop\btp-sram-fault-diagnosis\data\sim_work\raw\tb_SRAM_F2_Q_Qb_S5_27C_1P0V_0018_snm_hold_95ec9a47.raw,C:\Users\AYUSH\Desktop\btp-sram-fault-diagnosis\data\sim_work\logs\tb_SRAM_F2_Q_Qb_S5_27C_1P0V_0018_snm_hold_95ec9a47.log,False,snm_nonmonotonic,LTspice 24.1.10 for Windows
C:\Users\AYUSH\Desktop\btp-sram-fault-diagnosis\data\sim_work\testbenches\tb_SRAM_F2_Q_Qb_S5_27C_1P0V_0018_snm_read.net,C:\Users\AYUSH\Desktop\btp-sram-fault-diagnosis\data\sim_work\raw\tb_SRAM_F2_Q_Qb_S5_27C_1P0V_0018_snm_read_11f3e5fd.raw,C:\Users\AYUSH\Desktop\btp-sram-fault-diagnosis\data\sim_work\logs\tb_SRAM_F2_Q_Qb_S5_27C_1P0V_0018_snm_read_11f3e5fd.log,False,snm_nonmonotonic,LTspice 24.1.10 for Windows
C:\Users\AYUSH\Desktop\btp-sram-fault-diagnosis\data\sim_work\testbenches\tb_SRAM_F3_storage_pair_S2_27C_1P0V_0020_snm_read.net,C:\Users\AYUSH\Desktop\btp-sram-fault-diagnosis\data\sim_work\raw\tb_SRAM_F3_storage_pair_S2_27C_1P0V_0020_snm_read_2b920ff2.raw,C:\Users\AYUSH\Desktop\btp-sram-fault-diagnosis\data\sim_work\logs\tb_SRAM_F3_storage_pair_S2_27C_1P0V_0020_snm_read_2b920ff2.log,False,missing or empty .raw waveform output,
C:\Users\AYUSH\Desktop\btp-sram-fault-diagnosis\data\sim_work\testbenches\tb_SRAM_F3_storage_pair_S5_27C_1P0V_0023_snm_read.net,C:\Users\AYUSH\Desktop\btp-sram-fault-diagnosis\data\sim_work\raw\tb_SRAM_F3_storage_pair_S5_27C_1P0V_0023_snm_read_75169b4c.raw,C:\Users\AYUSH\Desktop\btp-sram-fault-diagnosis\data\sim_work\logs\tb_SRAM_F3_storage_pair_S5_27C_1P0V_0023_snm_read_75169b4c.log,False,snm_nonmonotonic,LTspice 24.1.10 for Windows
C:\Users\AYUSH\Desktop\btp-sram-fault-diagnosis\data\sim_work\testbenches\tb_SRAM_F3_storage_pair_S6_27C_1P0V_0024_snm_hold.net,C:\Users\AYUSH\Desktop\btp-sram-fault-diagnosis\data\sim_work\raw\tb_SRAM_F3_storage_pair_S6_27C_1P0V_0024_snm_hold_456d9771.raw,C:\Users\AYUSH\Desktop\btp-sram-fault-diagnosis\data\sim_work\logs\tb_SRAM_F3_storage_pair_S6_27C_1P0V_0024_snm_hold_456d9771.log,False,missing or empty .raw waveform output,
C:\Users\AYUSH\Desktop\btp-sram-fault-diagnosis\data\sim_work\testbenches\tb_SRAM_F3_storage_pair_S6_27C_1P0V_0024_snm_read.net,C:\Users\AYUSH\Desktop\btp-sram-fault-diagnosis\data\sim_work\raw\tb_SRAM_F3_storage_pair_S6_27C_1P0V_0024_snm_read_3c978284.raw,C:\Users\AYUSH\Desktop\btp-sram-fault-diagnosis\data\sim_work\logs\tb_SRAM_F3_storage_pair_S6_27C_1P0V_0024_snm_read_3c978284.log,False,snm_nonmonotonic,LTspice 24.1.10 for Windows
C:\Users\AYUSH\Desktop\btp-sram-fault-diagnosis\data\sim_work\testbenches\tb_SRAM_F4_access_pair_S4_27C_1P0V_0028_hold.net,C:\Users\AYUSH\Desktop\btp-sram-fault-diagnosis\data\sim_work\raw\tb_SRAM_F4_access_pair_S4_27C_1P0V_0028_hold_7fd3cb4a.raw,C:\Users\AYUSH\Desktop\btp-sram-fault-diagnosis\data\sim_work\logs\tb_SRAM_F4_access_pair_S4_27C_1P0V_0028_hold_7fd3cb4a.log,False,missing or empty .raw waveform output,
C:\Users\AYUSH\Desktop\btp-sram-fault-diagnosis\data\sim_work\testbenches\tb_SRAM_F4_access_pair_S4_27C_1P0V_0028_write.net,C:\Users\AYUSH\Desktop\btp-sram-fault-diagnosis\data\sim_work\raw\tb_SRAM_F4_access_pair_S4_27C_1P0V_0028_write_716549d8.raw,C:\Users\AYUSH\Desktop\btp-sram-fault-diagnosis\data\sim_work\logs\tb_SRAM_F4_access_pair_S4_27C_1P0V_0028_write_716549d8.log,False,missing or empty .raw waveform output,
C:\Users\AYUSH\Desktop\btp-sram-fault-diagnosis\data\sim_work\testbenches\tb_SRAM_F1_M5_S2_M40C_0P9V_0033_write.net,C:\Users\AYUSH\Desktop\btp-sram-fault-diagnosis\data\sim_work\raw\tb_SRAM_F1_M5_S2_M40C_0P9V_0033_write_d3f9fc35.raw,C:\Users\AYUSH\Desktop\btp-sram-fault-diagnosis\data\sim_work\logs\tb_SRAM_F1_M5_S2_M40C_0P9V_0033_write_d3f9fc35.log,False,missing or empty .raw waveform output,
C:\Users\AYUSH\Desktop\btp-sram-fault-diagnosis\data\sim_work\testbenches\tb_SRAM_F2_Q_Qb_S1_M40C_0P9V_0044_snm_hold.net,C:\Users\AYUSH\Desktop\btp-sram-fault-diagnosis\data\sim_work\raw\tb_SRAM_F2_Q_Qb_S1_M40C_0P9V_0044_snm_hold_50e71b0a.raw,C:\Users\AYUSH\Desktop\btp-sram-fault-diagnosis\data\sim_work\logs\tb_SRAM_F2_Q_Qb_S1_M40C_0P9V_0044_snm_hold_50e71b0a.log,False,snm_nonmonotonic,LTspice 24.1.10 for Windows
C:\Users\AYUSH\Desktop\btp-sram-fault-diagnosis\data\sim_work\testbenches\tb_SRAM_F2_Q_Qb_S1_M40C_0P9V_0044_snm_read.net,C:\Users\AYUSH\Desktop\btp-sram-fault-diagnosis\data\sim_work\raw\tb_SRAM_F2_Q_Qb_S1_M40C_0P9V_0044_snm_read_a2de46f6.raw,C:\Users\AYUSH\Desktop\btp-sram-fault-diagnosis\data\sim_work\logs\tb_SRAM_F2_Q_Qb_S1_M40C_0P9V_0044_snm_read_a2de46f6.log,False,snm_nonmonotonic,LTspice 24.1.10 for Windows
C:\Users\AYUSH\Desktop\btp-sram-fault-diagnosis\data\sim_work\testbenches\tb_SRAM_F2_Q_Qb_S2_M40C_0P9V_0045_snm_hold.net,C:\Users\AYUSH\Desktop\btp-sram-fault-diagnosis\data\sim_work\raw\tb_SRAM_F2_Q_Qb_S2_M40C_0P9V_0045_snm_hold_66390f67.raw,C:\Users\AYUSH\Desktop\btp-sram-fault-diagnosis\data\sim_work\logs\tb_SRAM_F2_Q_Qb_S2_M40C_0P9V_0045_snm_hold_66390f67.log,False,snm_nonmonotonic,LTspice 24.1.10 for Windows
C:\Users\AYUSH\Desktop\btp-sram-fault-diagnosis\data\sim_work\testbenches\tb_SRAM_F2_Q_Qb_S2_M40C_0P9V_0045_snm_read.net,C:\Users\AYUSH\Desktop\btp-sram-fault-diagnosis\data\sim_work\raw\tb_SRAM_F2_Q_Qb_S2_M40C_0P9V_0045_snm_read_bec4409e.raw,C:\Users\AYUSH\Desktop\btp-sram-fault-diagnosis\data\sim_work\logs\tb_SRAM_F2_Q_Qb_S2_M40C_0P9V_0045_snm_read_bec4409e.log,False,snm_nonmonotonic,LTspice 24.1.10 for Windows
C:\Users\AYUSH\Desktop\btp-sram-fault-diagnosis\data\sim_work\testbenches\tb_SRAM_F2_Q_Qb_S3_M40C_0P9V_0046_snm_hold.net,C:\Users\AYUSH\Desktop\btp-sram-fault-diagnosis\data\sim_work\raw\tb_SRAM_F2_Q_Qb_S3_M40C_0P9V_0046_snm_hold_9a484b4d.raw,C:\Users\AYUSH\Desktop\btp-sram-fault-diagnosis\data\sim_work\logs\tb_SRAM_F2_Q_Qb_S3_M40C_0P9V_0046_snm_hold_9a484b4d.log,False,snm_nonmonotonic,LTspice 24.1.10 for Windows
C:\Users\AYUSH\Desktop\btp-sram-fault-diagnosis\data\sim_work\testbenches\tb_SRAM_F2_Q_Qb_S3_M40C_0P9V_0046_snm_read.net,C:\Users\AYUSH\Desktop\btp-sram-fault-diagnosis\data\sim_work\raw\tb_SRAM_F2_Q_Qb_S3_M40C_0P9V_0046_snm_read_ab930a41.raw,C:\Users\AYUSH\Desktop\btp-sram-fault-diagnosis\data\sim_work\logs\tb_SRAM_F2_Q_Qb_S3_M40C_0P9V_0046_snm_read_ab930a41.log,False,snm_nonmonotonic,LTspice 24.1.10 for Windows
C:\Users\AYUSH\Desktop\btp-sram-fault-diagnosis\data\sim_work\testbenches\tb_SRAM_F2_Q_Qb_S4_M40C_0P9V_0047_snm_hold.net,C:\Users\AYUSH\Desktop\btp-sram-fault-diagnosis\data\sim_work\raw\tb_SRAM_F2_Q_Qb_S4_M40C_0P9V_0047_snm_hold_e28f790d.raw,C:\Users\AYUSH\Desktop\btp-sram-fault-diagnosis\data\sim_work\logs\tb_SRAM_F2_Q_Qb_S4_M40C_0P9V_0047_snm_hold_e28f790d.log,False,snm_nonmonotonic,LTspice 24.1.10 for Windows
C:\Users\AYUSH\Desktop\btp-sram-fault-diagnosis\data\sim_work\testbenches\tb_SRAM_F2_Q_Qb_S4_M40C_0P9V_0047_snm_read.net,C:\Users\AYUSH\Desktop\btp-sram-fault-diagnosis\data\sim_work\raw\tb_SRAM_F2_Q_Qb_S4_M40C_0P9V_0047_snm_read_2059120b.raw,C:\Users\AYUSH\Desktop\btp-sram-fault-diagnosis\data\sim_work\logs\tb_SRAM_F2_Q_Qb_S4_M40C_0P9V_0047_snm_read_2059120b.log,False,snm_nonmonotonic,LTspice 24.1.10 for Windows
C:\Users\AYUSH\Desktop\btp-sram-fault-diagnosis\data\sim_work\testbenches\tb_SRAM_F2_Q_Qb_S5_M40C_0P9V_0048_snm_hold.net,C:\Users\AYUSH\Desktop\btp-sram-fault-diagnosis\data\sim_work\raw\tb_SRAM_F2_Q_Qb_S5_M40C_0P9V_0048_snm_hold_456677e5.raw,C:\Users\AYUSH\Desktop\btp-sram-fault-diagnosis\data\sim_work\logs\tb_SRAM_F2_Q_Qb_S5_M40C_0P9V_0048_snm_hold_456677e5.log,False,snm_nonmonotonic,LTspice 24.1.10 for Windows
C:\Users\AYUSH\Desktop\btp-sram-fault-diagnosis\data\sim_work\testbenches\tb_SRAM_F2_Q_Qb_S5_M40C_0P9V_0048_snm_read.net,C:\Users\AYUSH\Desktop\btp-sram-fault-diagnosis\data\sim_work\raw\tb_SRAM_F2_Q_Qb_S5_M40C_0P9V_0048_snm_read_a43f74f2.raw,C:\Users\AYUSH\Desktop\btp-sram-fault-diagnosis\data\sim_work\logs\tb_SRAM_F2_Q_Qb_S5_M40C_0P9V_0048_snm_read_a43f74f2.log,False,snm_nonmonotonic,LTspice 24.1.10 for Windows
C:\Users\AYUSH\Desktop\btp-sram-fault-diagnosis\data\sim_work\testbenches\tb_SRAM_F3_storage_pair_S3_M40C_0P9V_0051_snm_read.net,C:\Users\AYUSH\Desktop\btp-sram-fault-diagnosis\data\sim_work\raw\tb_SRAM_F3_storage_pair_S3_M40C_0P9V_0051_snm_read_04e81470.raw,C:\Users\AYUSH\Desktop\btp-sram-fault-diagnosis\data\sim_work\logs\tb_SRAM_F3_storage_pair_S3_M40C_0P9V_0051_snm_read_04e81470.log,False,snm_nonmonotonic,LTspice 24.1.10 for Windows
C:\Users\AYUSH\Desktop\btp-sram-fault-diagnosis\data\sim_work\testbenches\tb_SRAM_F3_storage_pair_S4_M40C_0P9V_0052_snm_read.net,C:\Users\AYUSH\Desktop\btp-sram-fault-diagnosis\data\sim_work\raw\tb_SRAM_F3_storage_pair_S4_M40C_0P9V_0052_snm_read_9ec6d4c9.raw,C:\Users\AYUSH\Desktop\btp-sram-fault-diagnosis\data\sim_work\logs\tb_SRAM_F3_storage_pair_S4_M40C_0P9V_0052_snm_read_9ec6d4c9.log,False,snm_nonmonotonic,LTspice 24.1.10 for Windows
C:\Users\AYUSH\Desktop\btp-sram-fault-diagnosis\data\sim_work\testbenches\tb_SRAM_F3_storage_pair_S5_M40C_0P9V_0053_snm_read.net,C:\Users\AYUSH\Desktop\btp-sram-fault-diagnosis\data\sim_work\raw\tb_SRAM_F3_storage_pair_S5_M40C_0P9V_0053_snm_read_37a4c1be.raw,C:\Users\AYUSH\Desktop\btp-sram-fault-diagnosis\data\sim_work\logs\tb_SRAM_F3_storage_pair_S5_M40C_0P9V_0053_snm_read_37a4c1be.log,False,snm_nonmonotonic,LTspice 24.1.10 for Windows
C:\Users\AYUSH\Desktop\btp-sram-fault-diagnosis\data\sim_work\testbenches\tb_SRAM_F3_storage_pair_S6_M40C_0P9V_0054_snm_read.net,C:\Users\AYUSH\Desktop\btp-sram-fault-diagnosis\data\sim_work\raw\tb_SRAM_F3_storage_pair_S6_M40C_0P9V_0054_snm_read_c273f842.raw,C:\Users\AYUSH\Desktop\btp-sram-fault-diagnosis\data\sim_work\logs\tb_SRAM_F3_storage_pair_S6_M40C_0P9V_0054_snm_read_c273f842.log,False,snm_nonmonotonic,LTspice 24.1.10 for Windows
C:\Users\AYUSH\Desktop\btp-sram-fault-diagnosis\data\sim_work\testbenches\tb_SRAM_F4_access_pair_S2_M40C_0P9V_0056_snm_read.net,C:\Users\AYUSH\Desktop\btp-sram-fault-diagnosis\data\sim_work\raw\tb_SRAM_F4_access_pair_S2_M40C_0P9V_0056_snm_read_44e60869.raw,C:\Users\AYUSH\Desktop\btp-sram-fault-diagnosis\data\sim_work\logs\tb_SRAM_F4_access_pair_S2_M40C_0P9V_0056_snm_read_44e60869.log,False,snm_nonmonotonic,LTspice 24.1.10 for Windows
C:\Users\AYUSH\Desktop\btp-sram-fault-diagnosis\data\sim_work\testbenches\tb_SRAM_F4_access_pair_S3_M40C_0P9V_0057_snm_read.net,C:\Users\AYUSH\Desktop\btp-sram-fault-diagnosis\data\sim_work\raw\tb_SRAM_F4_access_pair_S3_M40C_0P9V_0057_snm_read_b42f618f.raw,C:\Users\AYUSH\Desktop\btp-sram-fault-diagnosis\data\sim_work\logs\tb_SRAM_F4_access_pair_S3_M40C_0P9V_0057_snm_read_b42f618f.log,False,snm_nonmonotonic,LTspice 24.1.10 for Windows
C:\Users\AYUSH\Desktop\btp-sram-fault-diagnosis\data\sim_work\testbenches\tb_SRAM_F1_M5_S6_27C_1P0V_0007_write.net,C:\Users\AYUSH\Desktop\btp-sram-fault-diagnosis\data\sim_work\raw\tb_SRAM_F1_M5_S6_27C_1P0V_0007_write_d1ba2fcb.raw,C:\Users\AYUSH\Desktop\btp-sram-fault-diagnosis\data\sim_work\logs\tb_SRAM_F1_M5_S6_27C_1P0V_0007_write_d1ba2fcb.log,False,missing or empty .raw waveform output,
C:\Users\AYUSH\Desktop\btp-sram-fault-diagnosis\data\sim_work\testbenches\tb_SRAM_F2_Q_Qb_S1_27C_1P0V_0014_snm_hold.net,C:\Users\AYUSH\Desktop\btp-sram-fault-diagnosis\data\sim_work\raw\tb_SRAM_F2_Q_Qb_S1_27C_1P0V_0014_snm_hold_d4c3e3a3.raw,C:\Users\AYUSH\Desktop\btp-sram-fault-diagnosis\data\sim_work\logs\tb_SRAM_F2_Q_Qb_S1_27C_1P0V_0014_snm_hold_d4c3e3a3.log,False,snm_nonmonotonic,LTspice 24.1.10 for Windows
C:\Users\AYUSH\Desktop\btp-sram-fault-diagnosis\data\sim_work\testbenches\tb_SRAM_F2_Q_Qb_S1_27C_1P0V_0014_snm_read.net,C:\Users\AYUSH\Desktop\btp-sram-fault-diagnosis\data\sim_work\raw\tb_SRAM_F2_Q_Qb_S1_27C_1P0V_0014_snm_read_06fe35ac.raw,C:\Users\AYUSH\Desktop\btp-sram-fault-diagnosis\data\sim_work\logs\tb_SRAM_F2_Q_Qb_S1_27C_1P0V_0014_snm_read_06fe35ac.log,False,snm_nonmonotonic,LTspice 24.1.10 for Windows
C:\Users\AYUSH\Desktop\btp-sram-fault-diagnosis\data\sim_work\testbenches\tb_SRAM_F2_Q_Qb_S2_27C_1P0V_0015_snm_hold.net,C:\Users\AYUSH\Desktop\btp-sram-fault-diagnosis\data\sim_work\raw\tb_SRAM_F2_Q_Qb_S2_27C_1P0V_0015_snm_hold_46a9823a.raw,C:\Users\AYUSH\Desktop\btp-sram-fault-diagnosis\data\sim_work\logs\tb_SRAM_F2_Q_Qb_S2_27C_1P0V_0015_snm_hold_46a9823a.log,False,snm_nonmonotonic,LTspice 24.1.10 for Windows
C:\Users\AYUSH\Desktop\btp-sram-fault-diagnosis\data\sim_work\testbenches\tb_SRAM_F2_Q_Qb_S2_27C_1P0V_0015_snm_read.net,C:\Users\AYUSH\Desktop\btp-sram-fault-diagnosis\data\sim_work\raw\tb_SRAM_F2_Q_Qb_S2_27C_1P0V_0015_snm_read_3d90ac49.raw,C:\Users\AYUSH\Desktop\btp-sram-fault-diagnosis\data\sim_work\logs\tb_SRAM_F2_Q_Qb_S2_27C_1P0V_0015_snm_read_3d90ac49.log,False,snm_nonmonotonic,LTspice 24.1.10 for Windows
C:\Users\AYUSH\Desktop\btp-sram-fault-diagnosis\data\sim_work\testbenches\tb_SRAM_F2_Q_Qb_S3_27C_1P0V_0016_snm_hold.net,C:\Users\AYUSH\Desktop\btp-sram-fault-diagnosis\data\sim_work\raw\tb_SRAM_F2_Q_Qb_S3_27C_1P0V_0016_snm_hold_cca79b31.raw,C:\Users\AYUSH\Desktop\btp-sram-fault-diagnosis\data\sim_work\logs\tb_SRAM_F2_Q_Qb_S3_27C_1P0V_0016_snm_hold_cca79b31.log,False,snm_nonmonotonic,LTspice 24.1.10 for Windows
C:\Users\AYUSH\Desktop\btp-sram-fault-diagnosis\data\sim_work\testbenches\tb_SRAM_F2_Q_Qb_S3_27C_1P0V_0016_snm_read.net,C:\Users\AYUSH\Desktop\btp-sram-fault-diagnosis\data\sim_work\raw\tb_SRAM_F2_Q_Qb_S3_27C_1P0V_0016_snm_read_f817e886.raw,C:\Users\AYUSH\Desktop\btp-sram-fault-diagnosis\data\sim_work\logs\tb_SRAM_F2_Q_Qb_S3_27C_1P0V_0016_snm_read_f817e886.log,False,snm_nonmonotonic,LTspice 24.1.10 for Windows
C:\Users\AYUSH\Desktop\btp-sram-fault-diagnosis\data\sim_work\testbenches\tb_SRAM_F2_Q_Qb_S4_27C_1P0V_0017_snm_hold.net,C:\Users\AYUSH\Desktop\btp-sram-fault-diagnosis\data\sim_work\raw\tb_SRAM_F2_Q_Qb_S4_27C_1P0V_0017_snm_hold_b4ede2f2.raw,C:\Users\AYUSH\Desktop\btp-sram-fault-diagnosis\data\sim_work\logs\tb_SRAM_F2_Q_Qb_S4_27C_1P0V_0017_snm_hold_b4ede2f2.log,False,snm_nonmonotonic,LTspice 24.1.10 for Windows
C:\Users\AYUSH\Desktop\btp-sram-fault-diagnosis\data\sim_work\testbenches\tb_SRAM_F2_Q_Qb_S4_27C_1P0V_0017_snm_read.net,C:\Users\AYUSH\Desktop\btp-sram-fault-diagnosis\data\sim_work\raw\tb_SRAM_F2_Q_Qb_S4_27C_1P0V_0017_snm_read_7c94b34e.raw,C:\Users\AYUSH\Desktop\btp-sram-fault-diagnosis\data\sim_work\logs\tb_SRAM_F2_Q_Qb_S4_27C_1P0V_0017_snm_read_7c94b34e.log,False,snm_nonmonotonic,LTspice 24.1.10 for Windows
C:\Users\AYUSH\Desktop\btp-sram-fault-diagnosis\data\sim_work\testbenches\tb_SRAM_F2_Q_Qb_S5_27C_1P0V_0018_snm_hold.net,C:\Users\AYUSH\Desktop\btp-sram-fault-diagnosis\data\sim_work\raw\tb_SRAM_F2_Q_Qb_S5_27C_1P0V_0018_snm_hold_95ec9a47.raw,C:\Users\AYUSH\Desktop\btp-sram-fault-diagnosis\data\sim_work\logs\tb_SRAM_F2_Q_Qb_S5_27C_1P0V_0018_snm_hold_95ec9a47.log,False,snm_nonmonotonic,LTspice 24.1.10 for Windows
C:\Users\AYUSH\Desktop\btp-sram-fault-diagnosis\data\sim_work\testbenches\tb_SRAM_F2_Q_Qb_S5_27C_1P0V_0018_snm_read.net,C:\Users\AYUSH\Desktop\btp-sram-fault-diagnosis\data\sim_work\raw\tb_SRAM_F2_Q_Qb_S5_27C_1P0V_0018_snm_read_11f3e5fd.raw,C:\Users\AYUSH\Desktop\btp-sram-fault-diagnosis\data\sim_work\logs\tb_SRAM_F2_Q_Qb_S5_27C_1P0V_0018_snm_read_11f3e5fd.log,False,snm_nonmonotonic,LTspice 24.1.10 for Windows
C:\Users\AYUSH\Desktop\btp-sram-fault-diagnosis\data\sim_work\testbenches\tb_SRAM_F3_storage_pair_S5_27C_1P0V_0023_snm_read.net,C:\Users\AYUSH\Desktop\btp-sram-fault-diagnosis\data\sim_work\raw\tb_SRAM_F3_storage_pair_S5_27C_1P0V_0023_snm_read_75169b4c.raw,C:\Users\AYUSH\Desktop\btp-sram-fault-diagnosis\data\sim_work\logs\tb_SRAM_F3_storage_pair_S5_27C_1P0V_0023_snm_read_75169b4c.log,False,snm_nonmonotonic,LTspice 24.1.10 for Windows
C:\Users\AYUSH\Desktop\btp-sram-fault-diagnosis\data\sim_work\testbenches\tb_SRAM_F3_storage_pair_S6_27C_1P0V_0024_snm_read.net,C:\Users\AYUSH\Desktop\btp-sram-fault-diagnosis\data\sim_work\raw\tb_SRAM_F3_storage_pair_S6_27C_1P0V_0024_snm_read_3c978284.raw,C:\Users\AYUSH\Desktop\btp-sram-fault-diagnosis\data\sim_work\logs\tb_SRAM_F3_storage_pair_S6_27C_1P0V_0024_snm_read_3c978284.log,False,snm_nonmonotonic,LTspice 24.1.10 for Windows
C:\Users\AYUSH\Desktop\btp-sram-fault-diagnosis\data\sim_work\testbenches\tb_SRAM_F2_Q_Qb_S1_M40C_0P9V_0044_snm_hold.net,C:\Users\AYUSH\Desktop\btp-sram-fault-diagnosis\data\sim_work\raw\tb_SRAM_F2_Q_Qb_S1_M40C_0P9V_0044_snm_hold_50e71b0a.raw,C:\Users\AYUSH\Desktop\btp-sram-fault-diagnosis\data\sim_work\logs\tb_SRAM_F2_Q_Qb_S1_M40C_0P9V_0044_snm_hold_50e71b0a.log,False,snm_nonmonotonic,LTspice 24.1.10 for Windows
C:\Users\AYUSH\Desktop\btp-sram-fault-diagnosis\data\sim_work\testbenches\tb_SRAM_F2_Q_Qb_S1_M40C_0P9V_0044_snm_read.net,C:\Users\AYUSH\Desktop\btp-sram-fault-diagnosis\data\sim_work\raw\tb_SRAM_F2_Q_Qb_S1_M40C_0P9V_0044_snm_read_a2de46f6.raw,C:\Users\AYUSH\Desktop\btp-sram-fault-diagnosis\data\sim_work\logs\tb_SRAM_F2_Q_Qb_S1_M40C_0P9V_0044_snm_read_a2de46f6.log,False,snm_nonmonotonic,LTspice 24.1.10 for Windows
C:\Users\AYUSH\Desktop\btp-sram-fault-diagnosis\data\sim_work\testbenches\tb_SRAM_F2_Q_Qb_S2_M40C_0P9V_0045_snm_hold.net,C:\Users\AYUSH\Desktop\btp-sram-fault-diagnosis\data\sim_work\raw\tb_SRAM_F2_Q_Qb_S2_M40C_0P9V_0045_snm_hold_66390f67.raw,C:\Users\AYUSH\Desktop\btp-sram-fault-diagnosis\data\sim_work\logs\tb_SRAM_F2_Q_Qb_S2_M40C_0P9V_0045_snm_hold_66390f67.log,False,snm_nonmonotonic,LTspice 24.1.10 for Windows
C:\Users\AYUSH\Desktop\btp-sram-fault-diagnosis\data\sim_work\testbenches\tb_SRAM_F2_Q_Qb_S2_M40C_0P9V_0045_snm_read.net,C:\Users\AYUSH\Desktop\btp-sram-fault-diagnosis\data\sim_work\raw\tb_SRAM_F2_Q_Qb_S2_M40C_0P9V_0045_snm_read_bec4409e.raw,C:\Users\AYUSH\Desktop\btp-sram-fault-diagnosis\data\sim_work\logs\tb_SRAM_F2_Q_Qb_S2_M40C_0P9V_0045_snm_read_bec4409e.log,False,snm_nonmonotonic,LTspice 24.1.10 for Windows
C:\Users\AYUSH\Desktop\btp-sram-fault-diagnosis\data\sim_work\testbenches\tb_SRAM_F2_Q_Qb_S3_M40C_0P9V_0046_snm_hold.net,C:\Users\AYUSH\Desktop\btp-sram-fault-diagnosis\data\sim_work\raw\tb_SRAM_F2_Q_Qb_S3_M40C_0P9V_0046_snm_hold_9a484b4d.raw,C:\Users\AYUSH\Desktop\btp-sram-fault-diagnosis\data\sim_work\logs\tb_SRAM_F2_Q_Qb_S3_M40C_0P9V_0046_snm_hold_9a484b4d.log,False,snm_nonmonotonic,LTspice 24.1.10 for Windows
C:\Users\AYUSH\Desktop\btp-sram-fault-diagnosis\data\sim_work\testbenches\tb_SRAM_F2_Q_Qb_S3_M40C_0P9V_0046_snm_read.net,C:\Users\AYUSH\Desktop\btp-sram-fault-diagnosis\data\sim_work\raw\tb_SRAM_F2_Q_Qb_S3_M40C_0P9V_0046_snm_read_ab930a41.raw,C:\Users\AYUSH\Desktop\btp-sram-fault-diagnosis\data\sim_work\logs\tb_SRAM_F2_Q_Qb_S3_M40C_0P9V_0046_snm_read_ab930a41.log,False,snm_nonmonotonic,LTspice 24.1.10 for Windows
C:\Users\AYUSH\Desktop\btp-sram-fault-diagnosis\data\sim_work\testbenches\tb_SRAM_F2_Q_Qb_S4_M40C_0P9V_0047_snm_hold.net,C:\Users\AYUSH\Desktop\btp-sram-fault-diagnosis\data\sim_work\raw\tb_SRAM_F2_Q_Qb_S4_M40C_0P9V_0047_snm_hold_e28f790d.raw,C:\Users\AYUSH\Desktop\btp-sram-fault-diagnosis\data\sim_work\logs\tb_SRAM_F2_Q_Qb_S4_M40C_0P9V_0047_snm_hold_e28f790d.log,False,snm_nonmonotonic,LTspice 24.1.10 for Windows
C:\Users\AYUSH\Desktop\btp-sram-fault-diagnosis\data\sim_work\testbenches\tb_SRAM_F2_Q_Qb_S4_M40C_0P9V_0047_snm_read.net,C:\Users\AYUSH\Desktop\btp-sram-fault-diagnosis\data\sim_work\raw\tb_SRAM_F2_Q_Qb_S4_M40C_0P9V_0047_snm_read_2059120b.raw,C:\Users\AYUSH\Desktop\btp-sram-fault-diagnosis\data\sim_work\logs\tb_SRAM_F2_Q_Qb_S4_M40C_0P9V_0047_snm_read_2059120b.log,False,snm_nonmonotonic,LTspice 24.1.10 for Windows
C:\Users\AYUSH\Desktop\btp-sram-fault-diagnosis\data\sim_work\testbenches\tb_SRAM_F2_Q_Qb_S5_M40C_0P9V_0048_snm_hold.net,C:\Users\AYUSH\Desktop\btp-sram-fault-diagnosis\data\sim_work\raw\tb_SRAM_F2_Q_Qb_S5_M40C_0P9V_0048_snm_hold_456677e5.raw,C:\Users\AYUSH\Desktop\btp-sram-fault-diagnosis\data\sim_work\logs\tb_SRAM_F2_Q_Qb_S5_M40C_0P9V_0048_snm_hold_456677e5.log,False,snm_nonmonotonic,LTspice 24.1.10 for Windows
C:\Users\AYUSH\Desktop\btp-sram-fault-diagnosis\data\sim_work\testbenches\tb_SRAM_F2_Q_Qb_S5_M40C_0P9V_0048_snm_read.net,C:\Users\AYUSH\Desktop\btp-sram-fault-diagnosis\data\sim_work\raw\tb_SRAM_F2_Q_Qb_S5_M40C_0P9V_0048_snm_read_a43f74f2.raw,C:\Users\AYUSH\Desktop\btp-sram-fault-diagnosis\data\sim_work\logs\tb_SRAM_F2_Q_Qb_S5_M40C_0P9V_0048_snm_read_a43f74f2.log,False,snm_nonmonotonic,LTspice 24.1.10 for Windows
C:\Users\AYUSH\Desktop\btp-sram-fault-diagnosis\data\sim_work\testbenches\tb_SRAM_F3_storage_pair_S3_M40C_0P9V_0051_snm_read.net,C:\Users\AYUSH\Desktop\btp-sram-fault-diagnosis\data\sim_work\raw\tb_SRAM_F3_storage_pair_S3_M40C_0P9V_0051_snm_read_04e81470.raw,C:\Users\AYUSH\Desktop\btp-sram-fault-diagnosis\data\sim_work\logs\tb_SRAM_F3_storage_pair_S3_M40C_0P9V_0051_snm_read_04e81470.log,False,snm_nonmonotonic,LTspice 24.1.10 for Windows
C:\Users\AYUSH\Desktop\btp-sram-fault-diagnosis\data\sim_work\testbenches\tb_SRAM_F3_storage_pair_S4_M40C_0P9V_0052_snm_read.net,C:\Users\AYUSH\Desktop\btp-sram-fault-diagnosis\data\sim_work\raw\tb_SRAM_F3_storage_pair_S4_M40C_0P9V_0052_snm_read_9ec6d4c9.raw,C:\Users\AYUSH\Desktop\btp-sram-fault-diagnosis\data\sim_work\logs\tb_SRAM_F3_storage_pair_S4_M40C_0P9V_0052_snm_read_9ec6d4c9.log,False,snm_nonmonotonic,LTspice 24.1.10 for Windows
C:\Users\AYUSH\Desktop\btp-sram-fault-diagnosis\data\sim_work\testbenches\tb_SRAM_F3_storage_pair_S5_M40C_0P9V_0053_snm_read.net,C:\Users\AYUSH\Desktop\btp-sram-fault-diagnosis\data\sim_work\raw\tb_SRAM_F3_storage_pair_S5_M40C_0P9V_0053_snm_read_37a4c1be.raw,C:\Users\AYUSH\Desktop\btp-sram-fault-diagnosis\data\sim_work\logs\tb_SRAM_F3_storage_pair_S5_M40C_0P9V_0053_snm_read_37a4c1be.log,False,snm_nonmonotonic,LTspice 24.1.10 for Windows
C:\Users\AYUSH\Desktop\btp-sram-fault-diagnosis\data\sim_work\testbenches\tb_SRAM_F3_storage_pair_S6_M40C_0P9V_0054_snm_read.net,C:\Users\AYUSH\Desktop\btp-sram-fault-diagnosis\data\sim_work\raw\tb_SRAM_F3_storage_pair_S6_M40C_0P9V_0054_snm_read_c273f842.raw,C:\Users\AYUSH\Desktop\btp-sram-fault-diagnosis\data\sim_work\logs\tb_SRAM_F3_storage_pair_S6_M40C_0P9V_0054_snm_read_c273f842.log,False,snm_nonmonotonic,LTspice 24.1.10 for Windows
C:\Users\AYUSH\Desktop\btp-sram-fault-diagnosis\data\sim_work\testbenches\tb_SRAM_F4_access_pair_S2_M40C_0P9V_0056_snm_read.net,C:\Users\AYUSH\Desktop\btp-sram-fault-diagnosis\data\sim_work\raw\tb_SRAM_F4_access_pair_S2_M40C_0P9V_0056_snm_read_44e60869.raw,C:\Users\AYUSH\Desktop\btp-sram-fault-diagnosis\data\sim_work\logs\tb_SRAM_F4_access_pair_S2_M40C_0P9V_0056_snm_read_44e60869.log,False,snm_nonmonotonic,LTspice 24.1.10 for Windows
C:\Users\AYUSH\Desktop\btp-sram-fault-diagnosis\data\sim_work\testbenches\tb_SRAM_F4_access_pair_S3_M40C_0P9V_0057_snm_read.net,C:\Users\AYUSH\Desktop\btp-sram-fault-diagnosis\data\sim_work\raw\tb_SRAM_F4_access_pair_S3_M40C_0P9V_0057_snm_read_b42f618f.raw,C:\Users\AYUSH\Desktop\btp-sram-fault-diagnosis\data\sim_work\logs\tb_SRAM_F4_access_pair_S3_M40C_0P9V_0057_snm_read_b42f618f.log,False,snm_nonmonotonic,LTspice 24.1.10 for Windows
C:\Users\AYUSH\Desktop\btp-sram-fault-diagnosis\data\sim_work\testbenches\tb_SRAM_F2_Q_Qb_S1_M40C_0P9V_0014_snm_hold.net,C:\Users\AYUSH\Desktop\btp-sram-fault-diagnosis\data\sim_work\raw\tb_SRAM_F2_Q_Qb_S1_M40C_0P9V_0014_snm_hold_2e2499b2.raw,C:\Users\AYUSH\Desktop\btp-sram-fault-diagnosis\data\sim_work\logs\tb_SRAM_F2_Q_Qb_S1_M40C_0P9V_0014_snm_hold_2e2499b2.log,False,snm_nonmonotonic,LTspice 24.1.10 for Windows
C:\Users\AYUSH\Desktop\btp-sram-fault-diagnosis\data\sim_work\testbenches\tb_SRAM_F2_Q_Qb_S1_M40C_0P9V_0014_snm_read.net,C:\Users\AYUSH\Desktop\btp-sram-fault-diagnosis\data\sim_work\raw\tb_SRAM_F2_Q_Qb_S1_M40C_0P9V_0014_snm_read_776b3ace.raw,C:\Users\AYUSH\Desktop\btp-sram-fault-diagnosis\data\sim_work\logs\tb_SRAM_F2_Q_Qb_S1_M40C_0P9V_0014_snm_read_776b3ace.log,False,snm_nonmonotonic,LTspice 24.1.10 for Windows
C:\Users\AYUSH\Desktop\btp-sram-fault-diagnosis\data\sim_work\testbenches\tb_SRAM_F2_Q_Qb_S2_M40C_0P9V_0015_snm_hold.net,C:\Users\AYUSH\Desktop\btp-sram-fault-diagnosis\data\sim_work\raw\tb_SRAM_F2_Q_Qb_S2_M40C_0P9V_0015_snm_hold_db364cc4.raw,C:\Users\AYUSH\Desktop\btp-sram-fault-diagnosis\data\sim_work\logs\tb_SRAM_F2_Q_Qb_S2_M40C_0P9V_0015_snm_hold_db364cc4.log,False,snm_nonmonotonic,LTspice 24.1.10 for Windows
C:\Users\AYUSH\Desktop\btp-sram-fault-diagnosis\data\sim_work\testbenches\tb_SRAM_F2_Q_Qb_S2_M40C_0P9V_0015_snm_read.net,C:\Users\AYUSH\Desktop\btp-sram-fault-diagnosis\data\sim_work\raw\tb_SRAM_F2_Q_Qb_S2_M40C_0P9V_0015_snm_read_0b6c8c82.raw,C:\Users\AYUSH\Desktop\btp-sram-fault-diagnosis\data\sim_work\logs\tb_SRAM_F2_Q_Qb_S2_M40C_0P9V_0015_snm_read_0b6c8c82.log,False,snm_nonmonotonic,LTspice 24.1.10 for Windows
C:\Users\AYUSH\Desktop\btp-sram-fault-diagnosis\data\sim_work\testbenches\tb_SRAM_F2_Q_Qb_S3_M40C_0P9V_0016_snm_hold.net,C:\Users\AYUSH\Desktop\btp-sram-fault-diagnosis\data\sim_work\raw\tb_SRAM_F2_Q_Qb_S3_M40C_0P9V_0016_snm_hold_12812dfe.raw,C:\Users\AYUSH\Desktop\btp-sram-fault-diagnosis\data\sim_work\logs\tb_SRAM_F2_Q_Qb_S3_M40C_0P9V_0016_snm_hold_12812dfe.log,False,snm_nonmonotonic,LTspice 24.1.10 for Windows
C:\Users\AYUSH\Desktop\btp-sram-fault-diagnosis\data\sim_work\testbenches\tb_SRAM_F2_Q_Qb_S3_M40C_0P9V_0016_snm_read.net,C:\Users\AYUSH\Desktop\btp-sram-fault-diagnosis\data\sim_work\raw\tb_SRAM_F2_Q_Qb_S3_M40C_0P9V_0016_snm_read_f057c834.raw,C:\Users\AYUSH\Desktop\btp-sram-fault-diagnosis\data\sim_work\logs\tb_SRAM_F2_Q_Qb_S3_M40C_0P9V_0016_snm_read_f057c834.log,False,snm_nonmonotonic,LTspice 24.1.10 for Windows
C:\Users\AYUSH\Desktop\btp-sram-fault-diagnosis\data\sim_work\testbenches\tb_SRAM_F2_Q_Qb_S4_M40C_0P9V_0017_snm_hold.net,C:\Users\AYUSH\Desktop\btp-sram-fault-diagnosis\data\sim_work\raw\tb_SRAM_F2_Q_Qb_S4_M40C_0P9V_0017_snm_hold_2fec2d09.raw,C:\Users\AYUSH\Desktop\btp-sram-fault-diagnosis\data\sim_work\logs\tb_SRAM_F2_Q_Qb_S4_M40C_0P9V_0017_snm_hold_2fec2d09.log,False,snm_nonmonotonic,LTspice 24.1.10 for Windows
C:\Users\AYUSH\Desktop\btp-sram-fault-diagnosis\data\sim_work\testbenches\tb_SRAM_F2_Q_Qb_S4_M40C_0P9V_0017_snm_read.net,C:\Users\AYUSH\Desktop\btp-sram-fault-diagnosis\data\sim_work\raw\tb_SRAM_F2_Q_Qb_S4_M40C_0P9V_0017_snm_read_b165998b.raw,C:\Users\AYUSH\Desktop\btp-sram-fault-diagnosis\data\sim_work\logs\tb_SRAM_F2_Q_Qb_S4_M40C_0P9V_0017_snm_read_b165998b.log,False,snm_nonmonotonic,LTspice 24.1.10 for Windows
C:\Users\AYUSH\Desktop\btp-sram-fault-diagnosis\data\sim_work\testbenches\tb_SRAM_F2_Q_Qb_S5_M40C_0P9V_0018_snm_hold.net,C:\Users\AYUSH\Desktop\btp-sram-fault-diagnosis\data\sim_work\raw\tb_SRAM_F2_Q_Qb_S5_M40C_0P9V_0018_snm_hold_bc5e9bdc.raw,C:\Users\AYUSH\Desktop\btp-sram-fault-diagnosis\data\sim_work\logs\tb_SRAM_F2_Q_Qb_S5_M40C_0P9V_0018_snm_hold_bc5e9bdc.log,False,snm_nonmonotonic,LTspice 24.1.10 for Windows
C:\Users\AYUSH\Desktop\btp-sram-fault-diagnosis\data\sim_work\testbenches\tb_SRAM_F2_Q_Qb_S5_M40C_0P9V_0018_snm_read.net,C:\Users\AYUSH\Desktop\btp-sram-fault-diagnosis\data\sim_work\raw\tb_SRAM_F2_Q_Qb_S5_M40C_0P9V_0018_snm_read_ef273e95.raw,C:\Users\AYUSH\Desktop\btp-sram-fault-diagnosis\data\sim_work\logs\tb_SRAM_F2_Q_Qb_S5_M40C_0P9V_0018_snm_read_ef273e95.log,False,snm_nonmonotonic,LTspice 24.1.10 for Windows
C:\Users\AYUSH\Desktop\btp-sram-fault-diagnosis\data\sim_work\testbenches\tb_SRAM_F3_storage_pair_S1_M40C_0P9V_0019_read.net,C:\Users\AYUSH\Desktop\btp-sram-fault-diagnosis\data\sim_work\raw\tb_SRAM_F3_storage_pair_S1_M40C_0P9V_0019_read_4c8bc807.raw,C:\Users\AYUSH\Desktop\btp-sram-fault-diagnosis\data\sim_work\logs\tb_SRAM_F3_storage_pair_S1_M40C_0P9V_0019_read_4c8bc807.log,False,missing or empty .raw waveform output,
C:\Users\AYUSH\Desktop\btp-sram-fault-diagnosis\data\sim_work\testbenches\tb_SRAM_F3_storage_pair_S3_M40C_0P9V_0021_snm_read.net,C:\Users\AYUSH\Desktop\btp-sram-fault-diagnosis\data\sim_work\raw\tb_SRAM_F3_storage_pair_S3_M40C_0P9V_0021_snm_read_0d9dc7bf.raw,C:\Users\AYUSH\Desktop\btp-sram-fault-diagnosis\data\sim_work\logs\tb_SRAM_F3_storage_pair_S3_M40C_0P9V_0021_snm_read_0d9dc7bf.log,False,snm_nonmonotonic,LTspice 24.1.10 for Windows
C:\Users\AYUSH\Desktop\btp-sram-fault-diagnosis\data\sim_work\testbenches\tb_SRAM_F3_storage_pair_S4_M40C_0P9V_0022_snm_read.net,C:\Users\AYUSH\Desktop\btp-sram-fault-diagnosis\data\sim_work\raw\tb_SRAM_F3_storage_pair_S4_M40C_0P9V_0022_snm_read_ad6bfe0d.raw,C:\Users\AYUSH\Desktop\btp-sram-fault-diagnosis\data\sim_work\logs\tb_SRAM_F3_storage_pair_S4_M40C_0P9V_0022_snm_read_ad6bfe0d.log,False,snm_nonmonotonic,LTspice 24.1.10 for Windows
C:\Users\AYUSH\Desktop\btp-sram-fault-diagnosis\data\sim_work\testbenches\tb_SRAM_F3_storage_pair_S5_M40C_0P9V_0023_snm_read.net,C:\Users\AYUSH\Desktop\btp-sram-fault-diagnosis\data\sim_work\raw\tb_SRAM_F3_storage_pair_S5_M40C_0P9V_0023_snm_read_93b56d29.raw,C:\Users\AYUSH\Desktop\btp-sram-fault-diagnosis\data\sim_work\logs\tb_SRAM_F3_storage_pair_S5_M40C_0P9V_0023_snm_read_93b56d29.log,False,snm_nonmonotonic,LTspice 24.1.10 for Windows
C:\Users\AYUSH\Desktop\btp-sram-fault-diagnosis\data\sim_work\testbenches\tb_SRAM_F3_storage_pair_S6_M40C_0P9V_0024_snm_read.net,C:\Users\AYUSH\Desktop\btp-sram-fault-diagnosis\data\sim_work\raw\tb_SRAM_F3_storage_pair_S6_M40C_0P9V_0024_snm_read_ee2f6b61.raw,C:\Users\AYUSH\Desktop\btp-sram-fault-diagnosis\data\sim_work\logs\tb_SRAM_F3_storage_pair_S6_M40C_0P9V_0024_snm_read_ee2f6b61.log,False,snm_nonmonotonic,LTspice 24.1.10 for Windows
C:\Users\AYUSH\Desktop\btp-sram-fault-diagnosis\data\sim_work\testbenches\tb_SRAM_F4_access_pair_S2_M40C_0P9V_0026_snm_read.net,C:\Users\AYUSH\Desktop\btp-sram-fault-diagnosis\data\sim_work\raw\tb_SRAM_F4_access_pair_S2_M40C_0P9V_0026_snm_read_ce3fa6e2.raw,C:\Users\AYUSH\Desktop\btp-sram-fault-diagnosis\data\sim_work\logs\tb_SRAM_F4_access_pair_S2_M40C_0P9V_0026_snm_read_ce3fa6e2.log,False,snm_nonmonotonic,LTspice 24.1.10 for Windows
C:\Users\AYUSH\Desktop\btp-sram-fault-diagnosis\data\sim_work\testbenches\tb_SRAM_F4_access_pair_S3_M40C_0P9V_0027_snm_read.net,C:\Users\AYUSH\Desktop\btp-sram-fault-diagnosis\data\sim_work\raw\tb_SRAM_F4_access_pair_S3_M40C_0P9V_0027_snm_read_3c2bd1b9.raw,C:\Users\AYUSH\Desktop\btp-sram-fault-diagnosis\data\sim_work\logs\tb_SRAM_F4_access_pair_S3_M40C_0P9V_0027_snm_read_3c2bd1b9.log,False,snm_nonmonotonic,LTspice 24.1.10 for Windows
C:\Users\AYUSH\Desktop\btp-sram-fault-diagnosis\data\sim_work\testbenches\tb_SRAM_F0_S0_0C_0P9V_0031_snm_read.net,C:\Users\AYUSH\Desktop\btp-sram-fault-diagnosis\data\sim_work\raw\tb_SRAM_F0_S0_0C_0P9V_0031_snm_read_6b463d5e.raw,C:\Users\AYUSH\Desktop\btp-sram-fault-diagnosis\data\sim_work\logs\tb_SRAM_F0_S0_0C_0P9V_0031_snm_read_6b463d5e.log,False,snm_nonmonotonic,LTspice 24.1.10 for Windows
C:\Users\AYUSH\Desktop\btp-sram-fault-diagnosis\data\sim_work\testbenches\tb_SRAM_F1_M5_S1_0C_0P9V_0032_snm_read.net,C:\Users\AYUSH\Desktop\btp-sram-fault-diagnosis\data\sim_work\raw\tb_SRAM_F1_M5_S1_0C_0P9V_0032_snm_read_490ffa2c.raw,C:\Users\AYUSH\Desktop\btp-sram-fault-diagnosis\data\sim_work\logs\tb_SRAM_F1_M5_S1_0C_0P9V_0032_snm_read_490ffa2c.log,False,snm_nonmonotonic,LTspice 24.1.10 for Windows
C:\Users\AYUSH\Desktop\btp-sram-fault-diagnosis\data\sim_work\testbenches\tb_SRAM_F1_M5_S2_0C_0P9V_0033_snm_read.net,C:\Users\AYUSH\Desktop\btp-sram-fault-diagnosis\data\sim_work\raw\tb_SRAM_F1_M5_S2_0C_0P9V_0033_snm_read_f849046d.raw,C:\Users\AYUSH\Desktop\btp-sram-fault-diagnosis\data\sim_work\logs\tb_SRAM_F1_M5_S2_0C_0P9V_0033_snm_read_f849046d.log,False,snm_nonmonotonic,LTspice 24.1.10 for Windows
C:\Users\AYUSH\Desktop\btp-sram-fault-diagnosis\data\sim_work\testbenches\tb_SRAM_F1_M5_S3_0C_0P9V_0034_snm_read.net,C:\Users\AYUSH\Desktop\btp-sram-fault-diagnosis\data\sim_work\raw\tb_SRAM_F1_M5_S3_0C_0P9V_0034_snm_read_ce8a5d37.raw,C:\Users\AYUSH\Desktop\btp-sram-fault-diagnosis\data\sim_work\logs\tb_SRAM_F1_M5_S3_0C_0P9V_0034_snm_read_ce8a5d37.log,False,snm_nonmonotonic,LTspice 24.1.10 for Windows
C:\Users\AYUSH\Desktop\btp-sram-fault-diagnosis\data\sim_work\testbenches\tb_SRAM_F1_M5_S4_0C_0P9V_0035_snm_read.net,C:\Users\AYUSH\Desktop\btp-sram-fault-diagnosis\data\sim_work\raw\tb_SRAM_F1_M5_S4_0C_0P9V_0035_snm_read_ed66bee0.raw,C:\Users\AYUSH\Desktop\btp-sram-fault-diagnosis\data\sim_work\logs\tb_SRAM_F1_M5_S4_0C_0P9V_0035_snm_read_ed66bee0.log,False,snm_nonmonotonic,LTspice 24.1.10 for Windows
C:\Users\AYUSH\Desktop\btp-sram-fault-diagnosis\data\sim_work\testbenches\tb_SRAM_F1_M5_S5_0C_0P9V_0036_snm_read.net,C:\Users\AYUSH\Desktop\btp-sram-fault-diagnosis\data\sim_work\raw\tb_SRAM_F1_M5_S5_0C_0P9V_0036_snm_read_7020a454.raw,C:\Users\AYUSH\Desktop\btp-sram-fault-diagnosis\data\sim_work\logs\tb_SRAM_F1_M5_S5_0C_0P9V_0036_snm_read_7020a454.log,False,snm_nonmonotonic,LTspice 24.1.10 for Windows
C:\Users\AYUSH\Desktop\btp-sram-fault-diagnosis\data\sim_work\testbenches\tb_SRAM_F1_M5_S6_0C_0P9V_0037_snm_read.net,C:\Users\AYUSH\Desktop\btp-sram-fault-diagnosis\data\sim_work\raw\tb_SRAM_F1_M5_S6_0C_0P9V_0037_snm_read_c7cf2cd7.raw,C:\Users\AYUSH\Desktop\btp-sram-fault-diagnosis\data\sim_work\logs\tb_SRAM_F1_M5_S6_0C_0P9V_0037_snm_read_c7cf2cd7.log,False,snm_nonmonotonic,LTspice 24.1.10 for Windows
C:\Users\AYUSH\Desktop\btp-sram-fault-diagnosis\data\sim_work\testbenches\tb_SRAM_F1_M6_S1_0C_0P9V_0038_snm_read.net,C:\Users\AYUSH\Desktop\btp-sram-fault-diagnosis\data\sim_work\raw\tb_SRAM_F1_M6_S1_0C_0P9V_0038_snm_read_2428107f.raw,C:\Users\AYUSH\Desktop\btp-sram-fault-diagnosis\data\sim_work\logs\tb_SRAM_F1_M6_S1_0C_0P9V_0038_snm_read_2428107f.log,False,snm_nonmonotonic,LTspice 24.1.10 for Windows
C:\Users\AYUSH\Desktop\btp-sram-fault-diagnosis\data\sim_work\testbenches\tb_SRAM_F1_M6_S2_0C_0P9V_0039_snm_read.net,C:\Users\AYUSH\Desktop\btp-sram-fault-diagnosis\data\sim_work\raw\tb_SRAM_F1_M6_S2_0C_0P9V_0039_snm_read_c706a07c.raw,C:\Users\AYUSH\Desktop\btp-sram-fault-diagnosis\data\sim_work\logs\tb_SRAM_F1_M6_S2_0C_0P9V_0039_snm_read_c706a07c.log,False,snm_nonmonotonic,LTspice 24.1.10 for Windows
C:\Users\AYUSH\Desktop\btp-sram-fault-diagnosis\data\sim_work\testbenches\tb_SRAM_F1_M6_S3_0C_0P9V_0040_snm_read.net,C:\Users\AYUSH\Desktop\btp-sram-fault-diagnosis\data\sim_work\raw\tb_SRAM_F1_M6_S3_0C_0P9V_0040_snm_read_b2c10e73.raw,C:\Users\AYUSH\Desktop\btp-sram-fault-diagnosis\data\sim_work\logs\tb_SRAM_F1_M6_S3_0C_0P9V_0040_snm_read_b2c10e73.log,False,snm_nonmonotonic,LTspice 24.1.10 for Windows
C:\Users\AYUSH\Desktop\btp-sram-fault-diagnosis\data\sim_work\testbenches\tb_SRAM_F1_M6_S4_0C_0P9V_0041_snm_read.net,C:\Users\AYUSH\Desktop\btp-sram-fault-diagnosis\data\sim_work\raw\tb_SRAM_F1_M6_S4_0C_0P9V_0041_snm_read_b00c4c6c.raw,C:\Users\AYUSH\Desktop\btp-sram-fault-diagnosis\data\sim_work\logs\tb_SRAM_F1_M6_S4_0C_0P9V_0041_snm_read_b00c4c6c.log,False,snm_nonmonotonic,LTspice 24.1.10 for Windows
C:\Users\AYUSH\Desktop\btp-sram-fault-diagnosis\data\sim_work\testbenches\tb_SRAM_F1_M6_S5_0C_0P9V_0042_snm_read.net,C:\Users\AYUSH\Desktop\btp-sram-fault-diagnosis\data\sim_work\raw\tb_SRAM_F1_M6_S5_0C_0P9V_0042_snm_read_945eb946.raw,C:\Users\AYUSH\Desktop\btp-sram-fault-diagnosis\data\sim_work\logs\tb_SRAM_F1_M6_S5_0C_0P9V_0042_snm_read_945eb946.log,False,snm_nonmonotonic,LTspice 24.1.10 for Windows
C:\Users\AYUSH\Desktop\btp-sram-fault-diagnosis\data\sim_work\testbenches\tb_SRAM_F1_M6_S6_0C_0P9V_0043_snm_read.net,C:\Users\AYUSH\Desktop\btp-sram-fault-diagnosis\data\sim_work\raw\tb_SRAM_F1_M6_S6_0C_0P9V_0043_snm_read_a08d05fc.raw,C:\Users\AYUSH\Desktop\btp-sram-fault-diagnosis\data\sim_work\logs\tb_SRAM_F1_M6_S6_0C_0P9V_0043_snm_read_a08d05fc.log,False,snm_nonmonotonic,LTspice 24.1.10 for Windows
C:\Users\AYUSH\Desktop\btp-sram-fault-diagnosis\data\sim_work\testbenches\tb_SRAM_F2_Q_Qb_S1_0C_0P9V_0044_snm_hold.net,C:\Users\AYUSH\Desktop\btp-sram-fault-diagnosis\data\sim_work\raw\tb_SRAM_F2_Q_Qb_S1_0C_0P9V_0044_snm_hold_c4046a5a.raw,C:\Users\AYUSH\Desktop\btp-sram-fault-diagnosis\data\sim_work\logs\tb_SRAM_F2_Q_Qb_S1_0C_0P9V_0044_snm_hold_c4046a5a.log,False,snm_nonmonotonic,LTspice 24.1.10 for Windows
C:\Users\AYUSH\Desktop\btp-sram-fault-diagnosis\data\sim_work\testbenches\tb_SRAM_F2_Q_Qb_S1_0C_0P9V_0044_snm_read.net,C:\Users\AYUSH\Desktop\btp-sram-fault-diagnosis\data\sim_work\raw\tb_SRAM_F2_Q_Qb_S1_0C_0P9V_0044_snm_read_66b52bf8.raw,C:\Users\AYUSH\Desktop\btp-sram-fault-diagnosis\data\sim_work\logs\tb_SRAM_F2_Q_Qb_S1_0C_0P9V_0044_snm_read_66b52bf8.log,False,snm_nonmonotonic,LTspice 24.1.10 for Windows
C:\Users\AYUSH\Desktop\btp-sram-fault-diagnosis\data\sim_work\testbenches\tb_SRAM_F2_Q_Qb_S2_0C_0P9V_0045_snm_hold.net,C:\Users\AYUSH\Desktop\btp-sram-fault-diagnosis\data\sim_work\raw\tb_SRAM_F2_Q_Qb_S2_0C_0P9V_0045_snm_hold_557d7726.raw,C:\Users\AYUSH\Desktop\btp-sram-fault-diagnosis\data\sim_work\logs\tb_SRAM_F2_Q_Qb_S2_0C_0P9V_0045_snm_hold_557d7726.log,False,snm_nonmonotonic,LTspice 24.1.10 for Windows
C:\Users\AYUSH\Desktop\btp-sram-fault-diagnosis\data\sim_work\testbenches\tb_SRAM_F2_Q_Qb_S2_0C_0P9V_0045_snm_read.net,C:\Users\AYUSH\Desktop\btp-sram-fault-diagnosis\data\sim_work\raw\tb_SRAM_F2_Q_Qb_S2_0C_0P9V_0045_snm_read_7710d9b9.raw,C:\Users\AYUSH\Desktop\btp-sram-fault-diagnosis\data\sim_work\logs\tb_SRAM_F2_Q_Qb_S2_0C_0P9V_0045_snm_read_7710d9b9.log,False,snm_nonmonotonic,LTspice 24.1.10 for Windows
C:\Users\AYUSH\Desktop\btp-sram-fault-diagnosis\data\sim_work\testbenches\tb_SRAM_F2_Q_Qb_S3_0C_0P9V_0046_snm_hold.net,C:\Users\AYUSH\Desktop\btp-sram-fault-diagnosis\data\sim_work\raw\tb_SRAM_F2_Q_Qb_S3_0C_0P9V_0046_snm_hold_04a60e51.raw,C:\Users\AYUSH\Desktop\btp-sram-fault-diagnosis\data\sim_work\logs\tb_SRAM_F2_Q_Qb_S3_0C_0P9V_0046_snm_hold_04a60e51.log,False,snm_nonmonotonic,LTspice 24.1.10 for Windows
C:\Users\AYUSH\Desktop\btp-sram-fault-diagnosis\data\sim_work\testbenches\tb_SRAM_F2_Q_Qb_S3_0C_0P9V_0046_snm_read.net,C:\Users\AYUSH\Desktop\btp-sram-fault-diagnosis\data\sim_work\raw\tb_SRAM_F2_Q_Qb_S3_0C_0P9V_0046_snm_read_e9eac1c4.raw,C:\Users\AYUSH\Desktop\btp-sram-fault-diagnosis\data\sim_work\logs\tb_SRAM_F2_Q_Qb_S3_0C_0P9V_0046_snm_read_e9eac1c4.log,False,snm_nonmonotonic,LTspice 24.1.10 for Windows
C:\Users\AYUSH\Desktop\btp-sram-fault-diagnosis\data\sim_work\testbenches\tb_SRAM_F2_Q_Qb_S4_0C_0P9V_0047_snm_hold.net,C:\Users\AYUSH\Desktop\btp-sram-fault-diagnosis\data\sim_work\raw\tb_SRAM_F2_Q_Qb_S4_0C_0P9V_0047_snm_hold_eb13bdbc.raw,C:\Users\AYUSH\Desktop\btp-sram-fault-diagnosis\data\sim_work\logs\tb_SRAM_F2_Q_Qb_S4_0C_0P9V_0047_snm_hold_eb13bdbc.log,False,snm_nonmonotonic,LTspice 24.1.10 for Windows
C:\Users\AYUSH\Desktop\btp-sram-fault-diagnosis\data\sim_work\testbenches\tb_SRAM_F2_Q_Qb_S4_0C_0P9V_0047_snm_read.net,C:\Users\AYUSH\Desktop\btp-sram-fault-diagnosis\data\sim_work\raw\tb_SRAM_F2_Q_Qb_S4_0C_0P9V_0047_snm_read_87cc7b70.raw,C:\Users\AYUSH\Desktop\btp-sram-fault-diagnosis\data\sim_work\logs\tb_SRAM_F2_Q_Qb_S4_0C_0P9V_0047_snm_read_87cc7b70.log,False,snm_nonmonotonic,LTspice 24.1.10 for Windows
C:\Users\AYUSH\Desktop\btp-sram-fault-diagnosis\data\sim_work\testbenches\tb_SRAM_F2_Q_Qb_S5_0C_0P9V_0048_snm_hold.net,C:\Users\AYUSH\Desktop\btp-sram-fault-diagnosis\data\sim_work\raw\tb_SRAM_F2_Q_Qb_S5_0C_0P9V_0048_snm_hold_bc685b93.raw,C:\Users\AYUSH\Desktop\btp-sram-fault-diagnosis\data\sim_work\logs\tb_SRAM_F2_Q_Qb_S5_0C_0P9V_0048_snm_hold_bc685b93.log,False,snm_nonmonotonic,LTspice 24.1.10 for Windows
C:\Users\AYUSH\Desktop\btp-sram-fault-diagnosis\data\sim_work\testbenches\tb_SRAM_F2_Q_Qb_S5_0C_0P9V_0048_snm_read.net,C:\Users\AYUSH\Desktop\btp-sram-fault-diagnosis\data\sim_work\raw\tb_SRAM_F2_Q_Qb_S5_0C_0P9V_0048_snm_read_cdf2989f.raw,C:\Users\AYUSH\Desktop\btp-sram-fault-diagnosis\data\sim_work\logs\tb_SRAM_F2_Q_Qb_S5_0C_0P9V_0048_snm_read_cdf2989f.log,False,snm_nonmonotonic,LTspice 24.1.10 for Windows
C:\Users\AYUSH\Desktop\btp-sram-fault-diagnosis\data\sim_work\testbenches\tb_SRAM_F3_storage_pair_S3_0C_0P9V_0051_snm_read.net,C:\Users\AYUSH\Desktop\btp-sram-fault-diagnosis\data\sim_work\raw\tb_SRAM_F3_storage_pair_S3_0C_0P9V_0051_snm_read_edfaf605.raw,C:\Users\AYUSH\Desktop\btp-sram-fault-diagnosis\data\sim_work\logs\tb_SRAM_F3_storage_pair_S3_0C_0P9V_0051_snm_read_edfaf605.log,False,snm_nonmonotonic,LTspice 24.1.10 for Windows
C:\Users\AYUSH\Desktop\btp-sram-fault-diagnosis\data\sim_work\testbenches\tb_SRAM_F3_storage_pair_S4_0C_0P9V_0052_snm_read.net,C:\Users\AYUSH\Desktop\btp-sram-fault-diagnosis\data\sim_work\raw\tb_SRAM_F3_storage_pair_S4_0C_0P9V_0052_snm_read_0583a706.raw,C:\Users\AYUSH\Desktop\btp-sram-fault-diagnosis\data\sim_work\logs\tb_SRAM_F3_storage_pair_S4_0C_0P9V_0052_snm_read_0583a706.log,False,snm_nonmonotonic,LTspice 24.1.10 for Windows
C:\Users\AYUSH\Desktop\btp-sram-fault-diagnosis\data\sim_work\testbenches\tb_SRAM_F3_storage_pair_S5_0C_0P9V_0053_snm_read.net,C:\Users\AYUSH\Desktop\btp-sram-fault-diagnosis\data\sim_work\raw\tb_SRAM_F3_storage_pair_S5_0C_0P9V_0053_snm_read_cbb67528.raw,C:\Users\AYUSH\Desktop\btp-sram-fault-diagnosis\data\sim_work\logs\tb_SRAM_F3_storage_pair_S5_0C_0P9V_0053_snm_read_cbb67528.log,False,snm_nonmonotonic,LTspice 24.1.10 for Windows
C:\Users\AYUSH\Desktop\btp-sram-fault-diagnosis\data\sim_work\testbenches\tb_SRAM_F3_storage_pair_S6_0C_0P9V_0054_snm_read.net,C:\Users\AYUSH\Desktop\btp-sram-fault-diagnosis\data\sim_work\raw\tb_SRAM_F3_storage_pair_S6_0C_0P9V_0054_snm_read_476b3ff0.raw,C:\Users\AYUSH\Desktop\btp-sram-fault-diagnosis\data\sim_work\logs\tb_SRAM_F3_storage_pair_S6_0C_0P9V_0054_snm_read_476b3ff0.log,False,snm_nonmonotonic,LTspice 24.1.10 for Windows
C:\Users\AYUSH\Desktop\btp-sram-fault-diagnosis\data\sim_work\testbenches\tb_SRAM_F4_access_pair_S1_0C_0P9V_0055_snm_read.net,C:\Users\AYUSH\Desktop\btp-sram-fault-diagnosis\data\sim_work\raw\tb_SRAM_F4_access_pair_S1_0C_0P9V_0055_snm_read_35b343e8.raw,C:\Users\AYUSH\Desktop\btp-sram-fault-diagnosis\data\sim_work\logs\tb_SRAM_F4_access_pair_S1_0C_0P9V_0055_snm_read_35b343e8.log,False,snm_nonmonotonic,LTspice 24.1.10 for Windows
C:\Users\AYUSH\Desktop\btp-sram-fault-diagnosis\data\sim_work\testbenches\tb_SRAM_F4_access_pair_S2_0C_0P9V_0056_snm_read.net,C:\Users\AYUSH\Desktop\btp-sram-fault-diagnosis\data\sim_work\raw\tb_SRAM_F4_access_pair_S2_0C_0P9V_0056_snm_read_11163928.raw,C:\Users\AYUSH\Desktop\btp-sram-fault-diagnosis\data\sim_work\logs\tb_SRAM_F4_access_pair_S2_0C_0P9V_0056_snm_read_11163928.log,False,snm_nonmonotonic,LTspice 24.1.10 for Windows
C:\Users\AYUSH\Desktop\btp-sram-fault-diagnosis\data\sim_work\testbenches\tb_SRAM_F4_access_pair_S3_0C_0P9V_0057_snm_read.net,C:\Users\AYUSH\Desktop\btp-sram-fault-diagnosis\data\sim_work\raw\tb_SRAM_F4_access_pair_S3_0C_0P9V_0057_snm_read_48630e93.raw,C:\Users\AYUSH\Desktop\btp-sram-fault-diagnosis\data\sim_work\logs\tb_SRAM_F4_access_pair_S3_0C_0P9V_0057_snm_read_48630e93.log,False,snm_nonmonotonic,LTspice 24.1.10 for Windows
C:\Users\AYUSH\Desktop\btp-sram-fault-diagnosis\data\sim_work\testbenches\tb_SRAM_F4_access_pair_S4_0C_0P9V_0058_snm_read.net,C:\Users\AYUSH\Desktop\btp-sram-fault-diagnosis\data\sim_work\raw\tb_SRAM_F4_access_pair_S4_0C_0P9V_0058_snm_read_2407a643.raw,C:\Users\AYUSH\Desktop\btp-sram-fault-diagnosis\data\sim_work\logs\tb_SRAM_F4_access_pair_S4_0C_0P9V_0058_snm_read_2407a643.log,False,snm_nonmonotonic,LTspice 24.1.10 for Windows
C:\Users\AYUSH\Desktop\btp-sram-fault-diagnosis\data\sim_work\testbenches\tb_SRAM_F4_access_pair_S5_0C_0P9V_0059_snm_read.net,C:\Users\AYUSH\Desktop\btp-sram-fault-diagnosis\data\sim_work\raw\tb_SRAM_F4_access_pair_S5_0C_0P9V_0059_snm_read_30ac20a8.raw,C:\Users\AYUSH\Desktop\btp-sram-fault-diagnosis\data\sim_work\logs\tb_SRAM_F4_access_pair_S5_0C_0P9V_0059_snm_read_30ac20a8.log,False,snm_nonmonotonic,LTspice 24.1.10 for Windows
C:\Users\AYUSH\Desktop\btp-sram-fault-diagnosis\data\sim_work\testbenches\tb_SRAM_F4_access_pair_S6_0C_0P9V_0060_snm_read.net,C:\Users\AYUSH\Desktop\btp-sram-fault-diagnosis\data\sim_work\raw\tb_SRAM_F4_access_pair_S6_0C_0P9V_0060_snm_read_96730ff4.raw,C:\Users\AYUSH\Desktop\btp-sram-fault-diagnosis\data\sim_work\logs\tb_SRAM_F4_access_pair_S6_0C_0P9V_0060_snm_read_96730ff4.log,False,snm_nonmonotonic,LTspice 24.1.10 for Windows
C:\Users\AYUSH\Desktop\btp-sram-fault-diagnosis\data\sim_work\testbenches\tb_SRAM_F1_M5_S2_27C_0P9V_0063_read_0.net,C:\Users\AYUSH\Desktop\btp-sram-fault-diagnosis\data\sim_work\raw\tb_SRAM_F1_M5_S2_27C_0P9V_0063_read_0_525b536a.raw,C:\Users\AYUSH\Desktop\btp-sram-fault-diagnosis\data\sim_work\logs\tb_SRAM_F1_M5_S2_27C_0P9V_0063_read_0_525b536a.log,False,missing or empty .raw waveform output,
C:\Users\AYUSH\Desktop\btp-sram-fault-diagnosis\data\sim_work\testbenches\tb_SRAM_F2_Q_Qb_S1_27C_0P9V_0074_snm_hold.net,C:\Users\AYUSH\Desktop\btp-sram-fault-diagnosis\data\sim_work\raw\tb_SRAM_F2_Q_Qb_S1_27C_0P9V_0074_snm_hold_7a1d562f.raw,C:\Users\AYUSH\Desktop\btp-sram-fault-diagnosis\data\sim_work\logs\tb_SRAM_F2_Q_Qb_S1_27C_0P9V_0074_snm_hold_7a1d562f.log,False,snm_nonmonotonic,LTspice 24.1.10 for Windows
C:\Users\AYUSH\Desktop\btp-sram-fault-diagnosis\data\sim_work\testbenches\tb_SRAM_F2_Q_Qb_S1_27C_0P9V_0074_snm_read.net,C:\Users\AYUSH\Desktop\btp-sram-fault-diagnosis\data\sim_work\raw\tb_SRAM_F2_Q_Qb_S1_27C_0P9V_0074_snm_read_d5b8383c.raw,C:\Users\AYUSH\Desktop\btp-sram-fault-diagnosis\data\sim_work\logs\tb_SRAM_F2_Q_Qb_S1_27C_0P9V_0074_snm_read_d5b8383c.log,False,snm_nonmonotonic,LTspice 24.1.10 for Windows
C:\Users\AYUSH\Desktop\btp-sram-fault-diagnosis\data\sim_work\testbenches\tb_SRAM_F2_Q_Qb_S2_27C_0P9V_0075_snm_hold.net,C:\Users\AYUSH\Desktop\btp-sram-fault-diagnosis\data\sim_work\raw\tb_SRAM_F2_Q_Qb_S2_27C_0P9V_0075_snm_hold_d9e386e9.raw,C:\Users\AYUSH\Desktop\btp-sram-fault-diagnosis\data\sim_work\logs\tb_SRAM_F2_Q_Qb_S2_27C_0P9V_0075_snm_hold_d9e386e9.log,False,snm_nonmonotonic,LTspice 24.1.10 for Windows
C:\Users\AYUSH\Desktop\btp-sram-fault-diagnosis\data\sim_work\testbenches\tb_SRAM_F2_Q_Qb_S2_27C_0P9V_0075_snm_read.net,C:\Users\AYUSH\Desktop\btp-sram-fault-diagnosis\data\sim_work\raw\tb_SRAM_F2_Q_Qb_S2_27C_0P9V_0075_snm_read_3d0956ad.raw,C:\Users\AYUSH\Desktop\btp-sram-fault-diagnosis\data\sim_work\logs\tb_SRAM_F2_Q_Qb_S2_27C_0P9V_0075_snm_read_3d0956ad.log,False,snm_nonmonotonic,LTspice 24.1.10 for Windows
C:\Users\AYUSH\Desktop\btp-sram-fault-diagnosis\data\sim_work\testbenches\tb_SRAM_F2_Q_Qb_S3_27C_0P9V_0076_snm_hold.net,C:\Users\AYUSH\Desktop\btp-sram-fault-diagnosis\data\sim_work\raw\tb_SRAM_F2_Q_Qb_S3_27C_0P9V_0076_snm_hold_c6e22c5f.raw,C:\Users\AYUSH\Desktop\btp-sram-fault-diagnosis\data\sim_work\logs\tb_SRAM_F2_Q_Qb_S3_27C_0P9V_0076_snm_hold_c6e22c5f.log,False,snm_nonmonotonic,LTspice 24.1.10 for Windows
C:\Users\AYUSH\Desktop\btp-sram-fault-diagnosis\data\sim_work\testbenches\tb_SRAM_F2_Q_Qb_S3_27C_0P9V_0076_snm_read.net,C:\Users\AYUSH\Desktop\btp-sram-fault-diagnosis\data\sim_work\raw\tb_SRAM_F2_Q_Qb_S3_27C_0P9V_0076_snm_read_2491e79d.raw,C:\Users\AYUSH\Desktop\btp-sram-fault-diagnosis\data\sim_work\logs\tb_SRAM_F2_Q_Qb_S3_27C_0P9V_0076_snm_read_2491e79d.log,False,snm_nonmonotonic,LTspice 24.1.10 for Windows
C:\Users\AYUSH\Desktop\btp-sram-fault-diagnosis\data\sim_work\testbenches\tb_SRAM_F2_Q_Qb_S4_27C_0P9V_0077_snm_hold.net,C:\Users\AYUSH\Desktop\btp-sram-fault-diagnosis\data\sim_work\raw\tb_SRAM_F2_Q_Qb_S4_27C_0P9V_0077_snm_hold_1724286d.raw,C:\Users\AYUSH\Desktop\btp-sram-fault-diagnosis\data\sim_work\logs\tb_SRAM_F2_Q_Qb_S4_27C_0P9V_0077_snm_hold_1724286d.log,False,snm_nonmonotonic,LTspice 24.1.10 for Windows
C:\Users\AYUSH\Desktop\btp-sram-fault-diagnosis\data\sim_work\testbenches\tb_SRAM_F2_Q_Qb_S4_27C_0P9V_0077_snm_read.net,C:\Users\AYUSH\Desktop\btp-sram-fault-diagnosis\data\sim_work\raw\tb_SRAM_F2_Q_Qb_S4_27C_0P9V_0077_snm_read_a6773fc1.raw,C:\Users\AYUSH\Desktop\btp-sram-fault-diagnosis\data\sim_work\logs\tb_SRAM_F2_Q_Qb_S4_27C_0P9V_0077_snm_read_a6773fc1.log,False,snm_nonmonotonic,LTspice 24.1.10 for Windows
C:\Users\AYUSH\Desktop\btp-sram-fault-diagnosis\data\sim_work\testbenches\tb_SRAM_F2_Q_Qb_S5_27C_0P9V_0078_snm_hold.net,C:\Users\AYUSH\Desktop\btp-sram-fault-diagnosis\data\sim_work\raw\tb_SRAM_F2_Q_Qb_S5_27C_0P9V_0078_snm_hold_03898198.raw,C:\Users\AYUSH\Desktop\btp-sram-fault-diagnosis\data\sim_work\logs\tb_SRAM_F2_Q_Qb_S5_27C_0P9V_0078_snm_hold_03898198.log,False,snm_nonmonotonic,LTspice 24.1.10 for Windows
C:\Users\AYUSH\Desktop\btp-sram-fault-diagnosis\data\sim_work\testbenches\tb_SRAM_F2_Q_Qb_S5_27C_0P9V_0078_snm_read.net,C:\Users\AYUSH\Desktop\btp-sram-fault-diagnosis\data\sim_work\raw\tb_SRAM_F2_Q_Qb_S5_27C_0P9V_0078_snm_read_ad3d6b0c.raw,C:\Users\AYUSH\Desktop\btp-sram-fault-diagnosis\data\sim_work\logs\tb_SRAM_F2_Q_Qb_S5_27C_0P9V_0078_snm_read_ad3d6b0c.log,False,snm_nonmonotonic,LTspice 24.1.10 for Windows
C:\Users\AYUSH\Desktop\btp-sram-fault-diagnosis\data\sim_work\testbenches\tb_SRAM_F3_storage_pair_S4_27C_0P9V_0082_snm_read.net,C:\Users\AYUSH\Desktop\btp-sram-fault-diagnosis\data\sim_work\raw\tb_SRAM_F3_storage_pair_S4_27C_0P9V_0082_snm_read_75979688.raw,C:\Users\AYUSH\Desktop\btp-sram-fault-diagnosis\data\sim_work\logs\tb_SRAM_F3_storage_pair_S4_27C_0P9V_0082_snm_read_75979688.log,False,snm_nonmonotonic,LTspice 24.1.10 for Windows
C:\Users\AYUSH\Desktop\btp-sram-fault-diagnosis\data\sim_work\testbenches\tb_SRAM_F3_storage_pair_S5_27C_0P9V_0083_snm_read.net,C:\Users\AYUSH\Desktop\btp-sram-fault-diagnosis\data\sim_work\raw\tb_SRAM_F3_storage_pair_S5_27C_0P9V_0083_snm_read_ccf9dff8.raw,C:\Users\AYUSH\Desktop\btp-sram-fault-diagnosis\data\sim_work\logs\tb_SRAM_F3_storage_pair_S5_27C_0P9V_0083_snm_read_ccf9dff8.log,False,snm_nonmonotonic,LTspice 24.1.10 for Windows
C:\Users\AYUSH\Desktop\btp-sram-fault-diagnosis\data\sim_work\testbenches\tb_SRAM_F3_storage_pair_S6_27C_0P9V_0084_snm_read.net,C:\Users\AYUSH\Desktop\btp-sram-fault-diagnosis\data\sim_work\raw\tb_SRAM_F3_storage_pair_S6_27C_0P9V_0084_snm_read_4b0c40c3.raw,C:\Users\AYUSH\Desktop\btp-sram-fault-diagnosis\data\sim_work\logs\tb_SRAM_F3_storage_pair_S6_27C_0P9V_0084_snm_read_4b0c40c3.log,False,snm_nonmonotonic,LTspice 24.1.10 for Windows
C:\Users\AYUSH\Desktop\btp-sram-fault-diagnosis\data\sim_work\testbenches\tb_SRAM_F1_M5_S5_75C_0P9V_0096_read.net,C:\Users\AYUSH\Desktop\btp-sram-fault-diagnosis\data\sim_work\raw\tb_SRAM_F1_M5_S5_75C_0P9V_0096_read_0fcbe615.raw,C:\Users\AYUSH\Desktop\btp-sram-fault-diagnosis\data\sim_work\logs\tb_SRAM_F1_M5_S5_75C_0P9V_0096_read_0fcbe615.log,False,missing or empty .raw waveform output,
C:\Users\AYUSH\Desktop\btp-sram-fault-diagnosis\data\sim_work\testbenches\tb_SRAM_F2_Q_Qb_S1_75C_0P9V_0104_snm_hold.net,C:\Users\AYUSH\Desktop\btp-sram-fault-diagnosis\data\sim_work\raw\tb_SRAM_F2_Q_Qb_S1_75C_0P9V_0104_snm_hold_f8b57ea6.raw,C:\Users\AYUSH\Desktop\btp-sram-fault-diagnosis\data\sim_work\logs\tb_SRAM_F2_Q_Qb_S1_75C_0P9V_0104_snm_hold_f8b57ea6.log,False,snm_nonmonotonic,LTspice 24.1.10 for Windows
C:\Users\AYUSH\Desktop\btp-sram-fault-diagnosis\data\sim_work\testbenches\tb_SRAM_F2_Q_Qb_S1_75C_0P9V_0104_snm_read.net,C:\Users\AYUSH\Desktop\btp-sram-fault-diagnosis\data\sim_work\raw\tb_SRAM_F2_Q_Qb_S1_75C_0P9V_0104_snm_read_b171fa2d.raw,C:\Users\AYUSH\Desktop\btp-sram-fault-diagnosis\data\sim_work\logs\tb_SRAM_F2_Q_Qb_S1_75C_0P9V_0104_snm_read_b171fa2d.log,False,snm_nonmonotonic,LTspice 24.1.10 for Windows
C:\Users\AYUSH\Desktop\btp-sram-fault-diagnosis\data\sim_work\testbenches\tb_SRAM_F2_Q_Qb_S2_75C_0P9V_0105_snm_hold.net,C:\Users\AYUSH\Desktop\btp-sram-fault-diagnosis\data\sim_work\raw\tb_SRAM_F2_Q_Qb_S2_75C_0P9V_0105_snm_hold_44957c77.raw,C:\Users\AYUSH\Desktop\btp-sram-fault-diagnosis\data\sim_work\logs\tb_SRAM_F2_Q_Qb_S2_75C_0P9V_0105_snm_hold_44957c77.log,False,snm_nonmonotonic,LTspice 24.1.10 for Windows
C:\Users\AYUSH\Desktop\btp-sram-fault-diagnosis\data\sim_work\testbenches\tb_SRAM_F2_Q_Qb_S2_75C_0P9V_0105_snm_read.net,C:\Users\AYUSH\Desktop\btp-sram-fault-diagnosis\data\sim_work\raw\tb_SRAM_F2_Q_Qb_S2_75C_0P9V_0105_snm_read_ca21be91.raw,C:\Users\AYUSH\Desktop\btp-sram-fault-diagnosis\data\sim_work\logs\tb_SRAM_F2_Q_Qb_S2_75C_0P9V_0105_snm_read_ca21be91.log,False,snm_nonmonotonic,LTspice 24.1.10 for Windows
C:\Users\AYUSH\Desktop\btp-sram-fault-diagnosis\data\sim_work\testbenches\tb_SRAM_F2_Q_Qb_S3_75C_0P9V_0106_snm_hold.net,C:\Users\AYUSH\Desktop\btp-sram-fault-diagnosis\data\sim_work\raw\tb_SRAM_F2_Q_Qb_S3_75C_0P9V_0106_snm_hold_268d3542.raw,C:\Users\AYUSH\Desktop\btp-sram-fault-diagnosis\data\sim_work\logs\tb_SRAM_F2_Q_Qb_S3_75C_0P9V_0106_snm_hold_268d3542.log,False,snm_nonmonotonic,LTspice 24.1.10 for Windows
C:\Users\AYUSH\Desktop\btp-sram-fault-diagnosis\data\sim_work\testbenches\tb_SRAM_F2_Q_Qb_S3_75C_0P9V_0106_snm_read.net,C:\Users\AYUSH\Desktop\btp-sram-fault-diagnosis\data\sim_work\raw\tb_SRAM_F2_Q_Qb_S3_75C_0P9V_0106_snm_read_7ea77543.raw,C:\Users\AYUSH\Desktop\btp-sram-fault-diagnosis\data\sim_work\logs\tb_SRAM_F2_Q_Qb_S3_75C_0P9V_0106_snm_read_7ea77543.log,False,snm_nonmonotonic,LTspice 24.1.10 for Windows
C:\Users\AYUSH\Desktop\btp-sram-fault-diagnosis\data\sim_work\testbenches\tb_SRAM_F2_Q_Qb_S4_75C_0P9V_0107_snm_hold.net,C:\Users\AYUSH\Desktop\btp-sram-fault-diagnosis\data\sim_work\raw\tb_SRAM_F2_Q_Qb_S4_75C_0P9V_0107_snm_hold_c0d8568f.raw,C:\Users\AYUSH\Desktop\btp-sram-fault-diagnosis\data\sim_work\logs\tb_SRAM_F2_Q_Qb_S4_75C_0P9V_0107_snm_hold_c0d8568f.log,False,snm_nonmonotonic,LTspice 24.1.10 for Windows
C:\Users\AYUSH\Desktop\btp-sram-fault-diagnosis\data\sim_work\testbenches\tb_SRAM_F2_Q_Qb_S4_75C_0P9V_0107_snm_read.net,C:\Users\AYUSH\Desktop\btp-sram-fault-diagnosis\data\sim_work\raw\tb_SRAM_F2_Q_Qb_S4_75C_0P9V_0107_snm_read_78f6c3d6.raw,C:\Users\AYUSH\Desktop\btp-sram-fault-diagnosis\data\sim_work\logs\tb_SRAM_F2_Q_Qb_S4_75C_0P9V_0107_snm_read_78f6c3d6.log,False,snm_nonmonotonic,LTspice 24.1.10 for Windows
C:\Users\AYUSH\Desktop\btp-sram-fault-diagnosis\data\sim_work\testbenches\tb_SRAM_F2_Q_Qb_S5_75C_0P9V_0108_snm_hold.net,C:\Users\AYUSH\Desktop\btp-sram-fault-diagnosis\data\sim_work\raw\tb_SRAM_F2_Q_Qb_S5_75C_0P9V_0108_snm_hold_9a76cae9.raw,C:\Users\AYUSH\Desktop\btp-sram-fault-diagnosis\data\sim_work\logs\tb_SRAM_F2_Q_Qb_S5_75C_0P9V_0108_snm_hold_9a76cae9.log,False,snm_nonmonotonic,LTspice 24.1.10 for Windows
C:\Users\AYUSH\Desktop\btp-sram-fault-diagnosis\data\sim_work\testbenches\tb_SRAM_F2_Q_Qb_S5_75C_0P9V_0108_snm_read.net,C:\Users\AYUSH\Desktop\btp-sram-fault-diagnosis\data\sim_work\raw\tb_SRAM_F2_Q_Qb_S5_75C_0P9V_0108_snm_read_22a29c1e.raw,C:\Users\AYUSH\Desktop\btp-sram-fault-diagnosis\data\sim_work\logs\tb_SRAM_F2_Q_Qb_S5_75C_0P9V_0108_snm_read_22a29c1e.log,False,snm_nonmonotonic,LTspice 24.1.10 for Windows
C:\Users\AYUSH\Desktop\btp-sram-fault-diagnosis\data\sim_work\testbenches\tb_SRAM_F4_access_pair_S4_75C_0P9V_0118_hold.net,C:\Users\AYUSH\Desktop\btp-sram-fault-diagnosis\data\sim_work\raw\tb_SRAM_F4_access_pair_S4_75C_0P9V_0118_hold_52a27099.raw,C:\Users\AYUSH\Desktop\btp-sram-fault-diagnosis\data\sim_work\logs\tb_SRAM_F4_access_pair_S4_75C_0P9V_0118_hold_52a27099.log,False,missing or empty .raw waveform output,
C:\Users\AYUSH\Desktop\btp-sram-fault-diagnosis\data\sim_work\testbenches\tb_SRAM_F4_access_pair_S4_75C_0P9V_0118_write_0.net,C:\Users\AYUSH\Desktop\btp-sram-fault-diagnosis\data\sim_work\raw\tb_SRAM_F4_access_pair_S4_75C_0P9V_0118_write_0_3867baed.raw,C:\Users\AYUSH\Desktop\btp-sram-fault-diagnosis\data\sim_work\logs\tb_SRAM_F4_access_pair_S4_75C_0P9V_0118_write_0_3867baed.log,False,missing or empty .raw waveform output,
C:\Users\AYUSH\Desktop\btp-sram-fault-diagnosis\data\sim_work\testbenches\tb_SRAM_F0_S0_125C_0P9V_0121_hold.net,C:\Users\AYUSH\Desktop\btp-sram-fault-diagnosis\data\sim_work\raw\tb_SRAM_F0_S0_125C_0P9V_0121_hold_183d638f.raw,C:\Users\AYUSH\Desktop\btp-sram-fault-diagnosis\data\sim_work\logs\tb_SRAM_F0_S0_125C_0P9V_0121_hold_183d638f.log,False,missing or empty .raw waveform output,
C:\Users\AYUSH\Desktop\btp-sram-fault-diagnosis\data\sim_work\testbenches\tb_SRAM_F1_M6_S5_125C_0P9V_0132_write.net,C:\Users\AYUSH\Desktop\btp-sram-fault-diagnosis\data\sim_work\raw\tb_SRAM_F1_M6_S5_125C_0P9V_0132_write_3d69006c.raw,C:\Users\AYUSH\Desktop\btp-sram-fault-diagnosis\data\sim_work\logs\tb_SRAM_F1_M6_S5_125C_0P9V_0132_write_3d69006c.log,False,missing or empty .raw waveform output,
C:\Users\AYUSH\Desktop\btp-sram-fault-diagnosis\data\sim_work\testbenches\tb_SRAM_F2_Q_Qb_S1_125C_0P9V_0134_snm_hold.net,C:\Users\AYUSH\Desktop\btp-sram-fault-diagnosis\data\sim_work\raw\tb_SRAM_F2_Q_Qb_S1_125C_0P9V_0134_snm_hold_3e6bac4a.raw,C:\Users\AYUSH\Desktop\btp-sram-fault-diagnosis\data\sim_work\logs\tb_SRAM_F2_Q_Qb_S1_125C_0P9V_0134_snm_hold_3e6bac4a.log,False,snm_nonmonotonic,LTspice 24.1.10 for Windows
C:\Users\AYUSH\Desktop\btp-sram-fault-diagnosis\data\sim_work\testbenches\tb_SRAM_F2_Q_Qb_S1_125C_0P9V_0134_snm_read.net,C:\Users\AYUSH\Desktop\btp-sram-fault-diagnosis\data\sim_work\raw\tb_SRAM_F2_Q_Qb_S1_125C_0P9V_0134_snm_read_383ad075.raw,C:\Users\AYUSH\Desktop\btp-sram-fault-diagnosis\data\sim_work\logs\tb_SRAM_F2_Q_Qb_S1_125C_0P9V_0134_snm_read_383ad075.log,False,snm_nonmonotonic,LTspice 24.1.10 for Windows
C:\Users\AYUSH\Desktop\btp-sram-fault-diagnosis\data\sim_work\testbenches\tb_SRAM_F2_Q_Qb_S2_125C_0P9V_0135_snm_hold.net,C:\Users\AYUSH\Desktop\btp-sram-fault-diagnosis\data\sim_work\raw\tb_SRAM_F2_Q_Qb_S2_125C_0P9V_0135_snm_hold_4e0f1369.raw,C:\Users\AYUSH\Desktop\btp-sram-fault-diagnosis\data\sim_work\logs\tb_SRAM_F2_Q_Qb_S2_125C_0P9V_0135_snm_hold_4e0f1369.log,False,snm_nonmonotonic,LTspice 24.1.10 for Windows
C:\Users\AYUSH\Desktop\btp-sram-fault-diagnosis\data\sim_work\testbenches\tb_SRAM_F2_Q_Qb_S2_125C_0P9V_0135_snm_read.net,C:\Users\AYUSH\Desktop\btp-sram-fault-diagnosis\data\sim_work\raw\tb_SRAM_F2_Q_Qb_S2_125C_0P9V_0135_snm_read_38135cd1.raw,C:\Users\AYUSH\Desktop\btp-sram-fault-diagnosis\data\sim_work\logs\tb_SRAM_F2_Q_Qb_S2_125C_0P9V_0135_snm_read_38135cd1.log,False,snm_nonmonotonic,LTspice 24.1.10 for Windows
C:\Users\AYUSH\Desktop\btp-sram-fault-diagnosis\data\sim_work\testbenches\tb_SRAM_F2_Q_Qb_S3_125C_0P9V_0136_snm_hold.net,C:\Users\AYUSH\Desktop\btp-sram-fault-diagnosis\data\sim_work\raw\tb_SRAM_F2_Q_Qb_S3_125C_0P9V_0136_snm_hold_e108eedd.raw,C:\Users\AYUSH\Desktop\btp-sram-fault-diagnosis\data\sim_work\logs\tb_SRAM_F2_Q_Qb_S3_125C_0P9V_0136_snm_hold_e108eedd.log,False,snm_nonmonotonic,LTspice 24.1.10 for Windows
C:\Users\AYUSH\Desktop\btp-sram-fault-diagnosis\data\sim_work\testbenches\tb_SRAM_F2_Q_Qb_S3_125C_0P9V_0136_snm_read.net,C:\Users\AYUSH\Desktop\btp-sram-fault-diagnosis\data\sim_work\raw\tb_SRAM_F2_Q_Qb_S3_125C_0P9V_0136_snm_read_a7512332.raw,C:\Users\AYUSH\Desktop\btp-sram-fault-diagnosis\data\sim_work\logs\tb_SRAM_F2_Q_Qb_S3_125C_0P9V_0136_snm_read_a7512332.log,False,snm_nonmonotonic,LTspice 24.1.10 for Windows
C:\Users\AYUSH\Desktop\btp-sram-fault-diagnosis\data\sim_work\testbenches\tb_SRAM_F2_Q_Qb_S4_125C_0P9V_0137_snm_hold.net,C:\Users\AYUSH\Desktop\btp-sram-fault-diagnosis\data\sim_work\raw\tb_SRAM_F2_Q_Qb_S4_125C_0P9V_0137_snm_hold_5261f2b6.raw,C:\Users\AYUSH\Desktop\btp-sram-fault-diagnosis\data\sim_work\logs\tb_SRAM_F2_Q_Qb_S4_125C_0P9V_0137_snm_hold_5261f2b6.log,False,snm_nonmonotonic,LTspice 24.1.10 for Windows
C:\Users\AYUSH\Desktop\btp-sram-fault-diagnosis\data\sim_work\testbenches\tb_SRAM_F2_Q_Qb_S4_125C_0P9V_0137_snm_read.net,C:\Users\AYUSH\Desktop\btp-sram-fault-diagnosis\data\sim_work\raw\tb_SRAM_F2_Q_Qb_S4_125C_0P9V_0137_snm_read_6500b8df.raw,C:\Users\AYUSH\Desktop\btp-sram-fault-diagnosis\data\sim_work\logs\tb_SRAM_F2_Q_Qb_S4_125C_0P9V_0137_snm_read_6500b8df.log,False,snm_nonmonotonic,LTspice 24.1.10 for Windows
C:\Users\AYUSH\Desktop\btp-sram-fault-diagnosis\data\sim_work\testbenches\tb_SRAM_F2_Q_Qb_S5_125C_0P9V_0138_snm_hold.net,C:\Users\AYUSH\Desktop\btp-sram-fault-diagnosis\data\sim_work\raw\tb_SRAM_F2_Q_Qb_S5_125C_0P9V_0138_snm_hold_5e00e64f.raw,C:\Users\AYUSH\Desktop\btp-sram-fault-diagnosis\data\sim_work\logs\tb_SRAM_F2_Q_Qb_S5_125C_0P9V_0138_snm_hold_5e00e64f.log,False,snm_nonmonotonic,LTspice 24.1.10 for Windows
C:\Users\AYUSH\Desktop\btp-sram-fault-diagnosis\data\sim_work\testbenches\tb_SRAM_F2_Q_Qb_S5_125C_0P9V_0138_snm_read.net,C:\Users\AYUSH\Desktop\btp-sram-fault-diagnosis\data\sim_work\raw\tb_SRAM_F2_Q_Qb_S5_125C_0P9V_0138_snm_read_e94373ed.raw,C:\Users\AYUSH\Desktop\btp-sram-fault-diagnosis\data\sim_work\logs\tb_SRAM_F2_Q_Qb_S5_125C_0P9V_0138_snm_read_e94373ed.log,False,snm_nonmonotonic,LTspice 24.1.10 for Windows
C:\Users\AYUSH\Desktop\btp-sram-fault-diagnosis\data\sim_work\testbenches\tb_SRAM_F3_storage_pair_S1_125C_0P9V_0139_write_0.net,C:\Users\AYUSH\Desktop\btp-sram-fault-diagnosis\data\sim_work\raw\tb_SRAM_F3_storage_pair_S1_125C_0P9V_0139_write_0_33127375.raw,C:\Users\AYUSH\Desktop\btp-sram-fault-diagnosis\data\sim_work\logs\tb_SRAM_F3_storage_pair_S1_125C_0P9V_0139_write_0_33127375.log,False,missing or empty .raw waveform output,
C:\Users\AYUSH\Desktop\btp-sram-fault-diagnosis\data\sim_work\testbenches\tb_SRAM_F1_M5_S6_M40C_1P0V_0157_hold.net,C:\Users\AYUSH\Desktop\btp-sram-fault-diagnosis\data\sim_work\raw\tb_SRAM_F1_M5_S6_M40C_1P0V_0157_hold_f95d0f5b.raw,C:\Users\AYUSH\Desktop\btp-sram-fault-diagnosis\data\sim_work\logs\tb_SRAM_F1_M5_S6_M40C_1P0V_0157_hold_f95d0f5b.log,False,missing or empty .raw waveform output,
C:\Users\AYUSH\Desktop\btp-sram-fault-diagnosis\data\sim_work\testbenches\tb_SRAM_F1_M6_S5_M40C_1P0V_0162_read_0.net,C:\Users\AYUSH\Desktop\btp-sram-fault-diagnosis\data\sim_work\raw\tb_SRAM_F1_M6_S5_M40C_1P0V_0162_read_0_1e5b72ab.raw,C:\Users\AYUSH\Desktop\btp-sram-fault-diagnosis\data\sim_work\logs\tb_SRAM_F1_M6_S5_M40C_1P0V_0162_read_0_1e5b72ab.log,False,missing or empty .raw waveform output,
C:\Users\AYUSH\Desktop\btp-sram-fault-diagnosis\data\sim_work\testbenches\tb_SRAM_F2_Q_Qb_S1_M40C_1P0V_0164_snm_hold.net,C:\Users\AYUSH\Desktop\btp-sram-fault-diagnosis\data\sim_work\raw\tb_SRAM_F2_Q_Qb_S1_M40C_1P0V_0164_snm_hold_0aefbfd5.raw,C:\Users\AYUSH\Desktop\btp-sram-fault-diagnosis\data\sim_work\logs\tb_SRAM_F2_Q_Qb_S1_M40C_1P0V_0164_snm_hold_0aefbfd5.log,False,snm_nonmonotonic,LTspice 24.1.10 for Windows
C:\Users\AYUSH\Desktop\btp-sram-fault-diagnosis\data\sim_work\testbenches\tb_SRAM_F2_Q_Qb_S1_M40C_1P0V_0164_snm_read.net,C:\Users\AYUSH\Desktop\btp-sram-fault-diagnosis\data\sim_work\raw\tb_SRAM_F2_Q_Qb_S1_M40C_1P0V_0164_snm_read_11038ea8.raw,C:\Users\AYUSH\Desktop\btp-sram-fault-diagnosis\data\sim_work\logs\tb_SRAM_F2_Q_Qb_S1_M40C_1P0V_0164_snm_read_11038ea8.log,False,snm_nonmonotonic,LTspice 24.1.10 for Windows
C:\Users\AYUSH\Desktop\btp-sram-fault-diagnosis\data\sim_work\testbenches\tb_SRAM_F2_Q_Qb_S2_M40C_1P0V_0165_snm_hold.net,C:\Users\AYUSH\Desktop\btp-sram-fault-diagnosis\data\sim_work\raw\tb_SRAM_F2_Q_Qb_S2_M40C_1P0V_0165_snm_hold_45ddf2f1.raw,C:\Users\AYUSH\Desktop\btp-sram-fault-diagnosis\data\sim_work\logs\tb_SRAM_F2_Q_Qb_S2_M40C_1P0V_0165_snm_hold_45ddf2f1.log,False,snm_nonmonotonic,LTspice 24.1.10 for Windows
C:\Users\AYUSH\Desktop\btp-sram-fault-diagnosis\data\sim_work\testbenches\tb_SRAM_F2_Q_Qb_S2_M40C_1P0V_0165_snm_read.net,C:\Users\AYUSH\Desktop\btp-sram-fault-diagnosis\data\sim_work\raw\tb_SRAM_F2_Q_Qb_S2_M40C_1P0V_0165_snm_read_1b7c3e96.raw,C:\Users\AYUSH\Desktop\btp-sram-fault-diagnosis\data\sim_work\logs\tb_SRAM_F2_Q_Qb_S2_M40C_1P0V_0165_snm_read_1b7c3e96.log,False,snm_nonmonotonic,LTspice 24.1.10 for Windows
C:\Users\AYUSH\Desktop\btp-sram-fault-diagnosis\data\sim_work\testbenches\tb_SRAM_F2_Q_Qb_S3_M40C_1P0V_0166_snm_hold.net,C:\Users\AYUSH\Desktop\btp-sram-fault-diagnosis\data\sim_work\raw\tb_SRAM_F2_Q_Qb_S3_M40C_1P0V_0166_snm_hold_4f3ed0f7.raw,C:\Users\AYUSH\Desktop\btp-sram-fault-diagnosis\data\sim_work\logs\tb_SRAM_F2_Q_Qb_S3_M40C_1P0V_0166_snm_hold_4f3ed0f7.log,False,snm_nonmonotonic,LTspice 24.1.10 for Windows
C:\Users\AYUSH\Desktop\btp-sram-fault-diagnosis\data\sim_work\testbenches\tb_SRAM_F2_Q_Qb_S3_M40C_1P0V_0166_snm_read.net,C:\Users\AYUSH\Desktop\btp-sram-fault-diagnosis\data\sim_work\raw\tb_SRAM_F2_Q_Qb_S3_M40C_1P0V_0166_snm_read_8f1d0dbe.raw,C:\Users\AYUSH\Desktop\btp-sram-fault-diagnosis\data\sim_work\logs\tb_SRAM_F2_Q_Qb_S3_M40C_1P0V_0166_snm_read_8f1d0dbe.log,False,snm_nonmonotonic,LTspice 24.1.10 for Windows
C:\Users\AYUSH\Desktop\btp-sram-fault-diagnosis\data\sim_work\testbenches\tb_SRAM_F2_Q_Qb_S4_M40C_1P0V_0167_snm_hold.net,C:\Users\AYUSH\Desktop\btp-sram-fault-diagnosis\data\sim_work\raw\tb_SRAM_F2_Q_Qb_S4_M40C_1P0V_0167_snm_hold_38616ea0.raw,C:\Users\AYUSH\Desktop\btp-sram-fault-diagnosis\data\sim_work\logs\tb_SRAM_F2_Q_Qb_S4_M40C_1P0V_0167_snm_hold_38616ea0.log,False,snm_nonmonotonic,LTspice 24.1.10 for Windows
C:\Users\AYUSH\Desktop\btp-sram-fault-diagnosis\data\sim_work\testbenches\tb_SRAM_F2_Q_Qb_S4_M40C_1P0V_0167_snm_read.net,C:\Users\AYUSH\Desktop\btp-sram-fault-diagnosis\data\sim_work\raw\tb_SRAM_F2_Q_Qb_S4_M40C_1P0V_0167_snm_read_d7a08c83.raw,C:\Users\AYUSH\Desktop\btp-sram-fault-diagnosis\data\sim_work\logs\tb_SRAM_F2_Q_Qb_S4_M40C_1P0V_0167_snm_read_d7a08c83.log,False,snm_nonmonotonic,LTspice 24.1.10 for Windows
C:\Users\AYUSH\Desktop\btp-sram-fault-diagnosis\data\sim_work\testbenches\tb_SRAM_F2_Q_Qb_S5_M40C_1P0V_0168_snm_hold.net,C:\Users\AYUSH\Desktop\btp-sram-fault-diagnosis\data\sim_work\raw\tb_SRAM_F2_Q_Qb_S5_M40C_1P0V_0168_snm_hold_50c862cb.raw,C:\Users\AYUSH\Desktop\btp-sram-fault-diagnosis\data\sim_work\logs\tb_SRAM_F2_Q_Qb_S5_M40C_1P0V_0168_snm_hold_50c862cb.log,False,snm_nonmonotonic,LTspice 24.1.10 for Windows
C:\Users\AYUSH\Desktop\btp-sram-fault-diagnosis\data\sim_work\testbenches\tb_SRAM_F2_Q_Qb_S5_M40C_1P0V_0168_snm_read.net,C:\Users\AYUSH\Desktop\btp-sram-fault-diagnosis\data\sim_work\raw\tb_SRAM_F2_Q_Qb_S5_M40C_1P0V_0168_snm_read_639f4b51.raw,C:\Users\AYUSH\Desktop\btp-sram-fault-diagnosis\data\sim_work\logs\tb_SRAM_F2_Q_Qb_S5_M40C_1P0V_0168_snm_read_639f4b51.log,False,snm_nonmonotonic,LTspice 24.1.10 for Windows
C:\Users\AYUSH\Desktop\btp-sram-fault-diagnosis\data\sim_work\testbenches\tb_SRAM_F3_storage_pair_S3_M40C_1P0V_0171_snm_read.net,C:\Users\AYUSH\Desktop\btp-sram-fault-diagnosis\data\sim_work\raw\tb_SRAM_F3_storage_pair_S3_M40C_1P0V_0171_snm_read_0665f7a3.raw,C:\Users\AYUSH\Desktop\btp-sram-fault-diagnosis\data\sim_work\logs\tb_SRAM_F3_storage_pair_S3_M40C_1P0V_0171_snm_read_0665f7a3.log,False,snm_nonmonotonic,LTspice 24.1.10 for Windows
C:\Users\AYUSH\Desktop\btp-sram-fault-diagnosis\data\sim_work\testbenches\tb_SRAM_F3_storage_pair_S4_M40C_1P0V_0172_snm_read.net,C:\Users\AYUSH\Desktop\btp-sram-fault-diagnosis\data\sim_work\raw\tb_SRAM_F3_storage_pair_S4_M40C_1P0V_0172_snm_read_65b5a335.raw,C:\Users\AYUSH\Desktop\btp-sram-fault-diagnosis\data\sim_work\logs\tb_SRAM_F3_storage_pair_S4_M40C_1P0V_0172_snm_read_65b5a335.log,False,snm_nonmonotonic,LTspice 24.1.10 for Windows
C:\Users\AYUSH\Desktop\btp-sram-fault-diagnosis\data\sim_work\testbenches\tb_SRAM_F3_storage_pair_S5_M40C_1P0V_0173_snm_read.net,C:\Users\AYUSH\Desktop\btp-sram-fault-diagnosis\data\sim_work\raw\tb_SRAM_F3_storage_pair_S5_M40C_1P0V_0173_snm_read_16d8f052.raw,C:\Users\AYUSH\Desktop\btp-sram-fault-diagnosis\data\sim_work\logs\tb_SRAM_F3_storage_pair_S5_M40C_1P0V_0173_snm_read_16d8f052.log,False,snm_nonmonotonic,LTspice 24.1.10 for Windows
C:\Users\AYUSH\Desktop\btp-sram-fault-diagnosis\data\sim_work\testbenches\tb_SRAM_F3_storage_pair_S6_M40C_1P0V_0174_snm_read.net,C:\Users\AYUSH\Desktop\btp-sram-fault-diagnosis\data\sim_work\raw\tb_SRAM_F3_storage_pair_S6_M40C_1P0V_0174_snm_read_ea259273.raw,C:\Users\AYUSH\Desktop\btp-sram-fault-diagnosis\data\sim_work\logs\tb_SRAM_F3_storage_pair_S6_M40C_1P0V_0174_snm_read_ea259273.log,False,snm_nonmonotonic,LTspice 24.1.10 for Windows
C:\Users\AYUSH\Desktop\btp-sram-fault-diagnosis\data\sim_work\testbenches\tb_SRAM_F4_access_pair_S1_M40C_1P0V_0175_snm_read.net,C:\Users\AYUSH\Desktop\btp-sram-fault-diagnosis\data\sim_work\raw\tb_SRAM_F4_access_pair_S1_M40C_1P0V_0175_snm_read_7c00f082.raw,C:\Users\AYUSH\Desktop\btp-sram-fault-diagnosis\data\sim_work\logs\tb_SRAM_F4_access_pair_S1_M40C_1P0V_0175_snm_read_7c00f082.log,False,snm_nonmonotonic,LTspice 24.1.10 for Windows
C:\Users\AYUSH\Desktop\btp-sram-fault-diagnosis\data\sim_work\testbenches\tb_SRAM_F4_access_pair_S2_M40C_1P0V_0176_snm_read.net,C:\Users\AYUSH\Desktop\btp-sram-fault-diagnosis\data\sim_work\raw\tb_SRAM_F4_access_pair_S2_M40C_1P0V_0176_snm_read_26d2a71d.raw,C:\Users\AYUSH\Desktop\btp-sram-fault-diagnosis\data\sim_work\logs\tb_SRAM_F4_access_pair_S2_M40C_1P0V_0176_snm_read_26d2a71d.log,False,snm_nonmonotonic,LTspice 24.1.10 for Windows
C:\Users\AYUSH\Desktop\btp-sram-fault-diagnosis\data\sim_work\testbenches\tb_SRAM_F4_access_pair_S3_M40C_1P0V_0177_snm_read.net,C:\Users\AYUSH\Desktop\btp-sram-fault-diagnosis\data\sim_work\raw\tb_SRAM_F4_access_pair_S3_M40C_1P0V_0177_snm_read_b56325b3.raw,C:\Users\AYUSH\Desktop\btp-sram-fault-diagnosis\data\sim_work\logs\tb_SRAM_F4_access_pair_S3_M40C_1P0V_0177_snm_read_b56325b3.log,False,snm_nonmonotonic,LTspice 24.1.10 for Windows
C:\Users\AYUSH\Desktop\btp-sram-fault-diagnosis\data\sim_work\testbenches\tb_SRAM_F4_access_pair_S4_M40C_1P0V_0178_snm_read.net,C:\Users\AYUSH\Desktop\btp-sram-fault-diagnosis\data\sim_work\raw\tb_SRAM_F4_access_pair_S4_M40C_1P0V_0178_snm_read_330ddcbd.raw,C:\Users\AYUSH\Desktop\btp-sram-fault-diagnosis\data\sim_work\logs\tb_SRAM_F4_access_pair_S4_M40C_1P0V_0178_snm_read_330ddcbd.log,False,snm_nonmonotonic,LTspice 24.1.10 for Windows
C:\Users\AYUSH\Desktop\btp-sram-fault-diagnosis\data\sim_work\testbenches\tb_SRAM_F4_access_pair_S5_M40C_1P0V_0179_snm_read.net,C:\Users\AYUSH\Desktop\btp-sram-fault-diagnosis\data\sim_work\raw\tb_SRAM_F4_access_pair_S5_M40C_1P0V_0179_snm_read_5713954b.raw,C:\Users\AYUSH\Desktop\btp-sram-fault-diagnosis\data\sim_work\logs\tb_SRAM_F4_access_pair_S5_M40C_1P0V_0179_snm_read_5713954b.log,False,snm_nonmonotonic,LTspice 24.1.10 for Windows
C:\Users\AYUSH\Desktop\btp-sram-fault-diagnosis\data\sim_work\testbenches\tb_SRAM_F0_S0_0C_1P0V_0181_write_0.net,C:\Users\AYUSH\Desktop\btp-sram-fault-diagnosis\data\sim_work\raw\tb_SRAM_F0_S0_0C_1P0V_0181_write_0_50aa8408.raw,C:\Users\AYUSH\Desktop\btp-sram-fault-diagnosis\data\sim_work\logs\tb_SRAM_F0_S0_0C_1P0V_0181_write_0_50aa8408.log,False,missing or empty .raw waveform output,
C:\Users\AYUSH\Desktop\btp-sram-fault-diagnosis\data\sim_work\testbenches\tb_SRAM_F2_Q_Qb_S1_0C_1P0V_0194_snm_hold.net,C:\Users\AYUSH\Desktop\btp-sram-fault-diagnosis\data\sim_work\raw\tb_SRAM_F2_Q_Qb_S1_0C_1P0V_0194_snm_hold_b3cffb51.raw,C:\Users\AYUSH\Desktop\btp-sram-fault-diagnosis\data\sim_work\logs\tb_SRAM_F2_Q_Qb_S1_0C_1P0V_0194_snm_hold_b3cffb51.log,False,snm_nonmonotonic,LTspice 24.1.10 for Windows
C:\Users\AYUSH\Desktop\btp-sram-fault-diagnosis\data\sim_work\testbenches\tb_SRAM_F2_Q_Qb_S1_0C_1P0V_0194_snm_read.net,C:\Users\AYUSH\Desktop\btp-sram-fault-diagnosis\data\sim_work\raw\tb_SRAM_F2_Q_Qb_S1_0C_1P0V_0194_snm_read_fac0b8dd.raw,C:\Users\AYUSH\Desktop\btp-sram-fault-diagnosis\data\sim_work\logs\tb_SRAM_F2_Q_Qb_S1_0C_1P0V_0194_snm_read_fac0b8dd.log,False,snm_nonmonotonic,LTspice 24.1.10 for Windows
C:\Users\AYUSH\Desktop\btp-sram-fault-diagnosis\data\sim_work\testbenches\tb_SRAM_F2_Q_Qb_S2_0C_1P0V_0195_snm_hold.net,C:\Users\AYUSH\Desktop\btp-sram-fault-diagnosis\data\sim_work\raw\tb_SRAM_F2_Q_Qb_S2_0C_1P0V_0195_snm_hold_8fd8f3c8.raw,C:\Users\AYUSH\Desktop\btp-sram-fault-diagnosis\data\sim_work\logs\tb_SRAM_F2_Q_Qb_S2_0C_1P0V_0195_snm_hold_8fd8f3c8.log,False,snm_nonmonotonic,LTspice 24.1.10 for Windows
C:\Users\AYUSH\Desktop\btp-sram-fault-diagnosis\data\sim_work\testbenches\tb_SRAM_F2_Q_Qb_S2_0C_1P0V_0195_snm_read.net,C:\Users\AYUSH\Desktop\btp-sram-fault-diagnosis\data\sim_work\raw\tb_SRAM_F2_Q_Qb_S2_0C_1P0V_0195_snm_read_d1f757ab.raw,C:\Users\AYUSH\Desktop\btp-sram-fault-diagnosis\data\sim_work\logs\tb_SRAM_F2_Q_Qb_S2_0C_1P0V_0195_snm_read_d1f757ab.log,False,snm_nonmonotonic,LTspice 24.1.10 for Windows
C:\Users\AYUSH\Desktop\btp-sram-fault-diagnosis\data\sim_work\testbenches\tb_SRAM_F2_Q_Qb_S3_0C_1P0V_0196_snm_hold.net,C:\Users\AYUSH\Desktop\btp-sram-fault-diagnosis\data\sim_work\raw\tb_SRAM_F2_Q_Qb_S3_0C_1P0V_0196_snm_hold_1da0ba2f.raw,C:\Users\AYUSH\Desktop\btp-sram-fault-diagnosis\data\sim_work\logs\tb_SRAM_F2_Q_Qb_S3_0C_1P0V_0196_snm_hold_1da0ba2f.log,False,snm_nonmonotonic,LTspice 24.1.10 for Windows
C:\Users\AYUSH\Desktop\btp-sram-fault-diagnosis\data\sim_work\testbenches\tb_SRAM_F2_Q_Qb_S3_0C_1P0V_0196_snm_read.net,C:\Users\AYUSH\Desktop\btp-sram-fault-diagnosis\data\sim_work\raw\tb_SRAM_F2_Q_Qb_S3_0C_1P0V_0196_snm_read_ba92c0fa.raw,C:\Users\AYUSH\Desktop\btp-sram-fault-diagnosis\data\sim_work\logs\tb_SRAM_F2_Q_Qb_S3_0C_1P0V_0196_snm_read_ba92c0fa.log,False,snm_nonmonotonic,LTspice 24.1.10 for Windows
C:\Users\AYUSH\Desktop\btp-sram-fault-diagnosis\data\sim_work\testbenches\tb_SRAM_F2_Q_Qb_S4_0C_1P0V_0197_snm_hold.net,C:\Users\AYUSH\Desktop\btp-sram-fault-diagnosis\data\sim_work\raw\tb_SRAM_F2_Q_Qb_S4_0C_1P0V_0197_snm_hold_589061a3.raw,C:\Users\AYUSH\Desktop\btp-sram-fault-diagnosis\data\sim_work\logs\tb_SRAM_F2_Q_Qb_S4_0C_1P0V_0197_snm_hold_589061a3.log,False,snm_nonmonotonic,LTspice 24.1.10 for Windows
C:\Users\AYUSH\Desktop\btp-sram-fault-diagnosis\data\sim_work\testbenches\tb_SRAM_F2_Q_Qb_S4_0C_1P0V_0197_snm_read.net,C:\Users\AYUSH\Desktop\btp-sram-fault-diagnosis\data\sim_work\raw\tb_SRAM_F2_Q_Qb_S4_0C_1P0V_0197_snm_read_c6ac5f24.raw,C:\Users\AYUSH\Desktop\btp-sram-fault-diagnosis\data\sim_work\logs\tb_SRAM_F2_Q_Qb_S4_0C_1P0V_0197_snm_read_c6ac5f24.log,False,snm_nonmonotonic,LTspice 24.1.10 for Windows
C:\Users\AYUSH\Desktop\btp-sram-fault-diagnosis\data\sim_work\testbenches\tb_SRAM_F2_Q_Qb_S5_0C_1P0V_0198_snm_hold.net,C:\Users\AYUSH\Desktop\btp-sram-fault-diagnosis\data\sim_work\raw\tb_SRAM_F2_Q_Qb_S5_0C_1P0V_0198_snm_hold_630fde5f.raw,C:\Users\AYUSH\Desktop\btp-sram-fault-diagnosis\data\sim_work\logs\tb_SRAM_F2_Q_Qb_S5_0C_1P0V_0198_snm_hold_630fde5f.log,False,snm_nonmonotonic,LTspice 24.1.10 for Windows
C:\Users\AYUSH\Desktop\btp-sram-fault-diagnosis\data\sim_work\testbenches\tb_SRAM_F2_Q_Qb_S5_0C_1P0V_0198_snm_read.net,C:\Users\AYUSH\Desktop\btp-sram-fault-diagnosis\data\sim_work\raw\tb_SRAM_F2_Q_Qb_S5_0C_1P0V_0198_snm_read_61ad0c50.raw,C:\Users\AYUSH\Desktop\btp-sram-fault-diagnosis\data\sim_work\logs\tb_SRAM_F2_Q_Qb_S5_0C_1P0V_0198_snm_read_61ad0c50.log,False,snm_nonmonotonic,LTspice 24.1.10 for Windows
C:\Users\AYUSH\Desktop\btp-sram-fault-diagnosis\data\sim_work\testbenches\tb_SRAM_F3_storage_pair_S1_0C_1P0V_0199_snm_read.net,C:\Users\AYUSH\Desktop\btp-sram-fault-diagnosis\data\sim_work\raw\tb_SRAM_F3_storage_pair_S1_0C_1P0V_0199_snm_read_8d5127a2.raw,C:\Users\AYUSH\Desktop\btp-sram-fault-diagnosis\data\sim_work\logs\tb_SRAM_F3_storage_pair_S1_0C_1P0V_0199_snm_read_8d5127a2.log,False,snm_nonmonotonic,LTspice 24.1.10 for Windows
C:\Users\AYUSH\Desktop\btp-sram-fault-diagnosis\data\sim_work\testbenches\tb_SRAM_F3_storage_pair_S4_0C_1P0V_0202_snm_read.net,C:\Users\AYUSH\Desktop\btp-sram-fault-diagnosis\data\sim_work\raw\tb_SRAM_F3_storage_pair_S4_0C_1P0V_0202_snm_read_b7dbfe20.raw,C:\Users\AYUSH\Desktop\btp-sram-fault-diagnosis\data\sim_work\logs\tb_SRAM_F3_storage_pair_S4_0C_1P0V_0202_snm_read_b7dbfe20.log,False,snm_nonmonotonic,LTspice 24.1.10 for Windows
C:\Users\AYUSH\Desktop\btp-sram-fault-diagnosis\data\sim_work\testbenches\tb_SRAM_F3_storage_pair_S5_0C_1P0V_0203_snm_read.net,C:\Users\AYUSH\Desktop\btp-sram-fault-diagnosis\data\sim_work\raw\tb_SRAM_F3_storage_pair_S5_0C_1P0V_0203_snm_read_df2b7247.raw,C:\Users\AYUSH\Desktop\btp-sram-fault-diagnosis\data\sim_work\logs\tb_SRAM_F3_storage_pair_S5_0C_1P0V_0203_snm_read_df2b7247.log,False,snm_nonmonotonic,LTspice 24.1.10 for Windows
C:\Users\AYUSH\Desktop\btp-sram-fault-diagnosis\data\sim_work\testbenches\tb_SRAM_F3_storage_pair_S6_0C_1P0V_0204_hold.net,C:\Users\AYUSH\Desktop\btp-sram-fault-diagnosis\data\sim_work\raw\tb_SRAM_F3_storage_pair_S6_0C_1P0V_0204_hold_e927f96c.raw,C:\Users\AYUSH\Desktop\btp-sram-fault-diagnosis\data\sim_work\logs\tb_SRAM_F3_storage_pair_S6_0C_1P0V_0204_hold_e927f96c.log,False,missing or empty .raw waveform output,
C:\Users\AYUSH\Desktop\btp-sram-fault-diagnosis\data\sim_work\testbenches\tb_SRAM_F3_storage_pair_S6_0C_1P0V_0204_snm_read.net,C:\Users\AYUSH\Desktop\btp-sram-fault-diagnosis\data\sim_work\raw\tb_SRAM_F3_storage_pair_S6_0C_1P0V_0204_snm_read_a67c7903.raw,C:\Users\AYUSH\Desktop\btp-sram-fault-diagnosis\data\sim_work\logs\tb_SRAM_F3_storage_pair_S6_0C_1P0V_0204_snm_read_a67c7903.log,False,snm_nonmonotonic,LTspice 24.1.10 for Windows
C:\Users\AYUSH\Desktop\btp-sram-fault-diagnosis\data\sim_work\testbenches\tb_SRAM_F2_Q_Qb_S1_27C_1P0V_0224_snm_hold.net,C:\Users\AYUSH\Desktop\btp-sram-fault-diagnosis\data\sim_work\raw\tb_SRAM_F2_Q_Qb_S1_27C_1P0V_0224_snm_hold_314f9d8f.raw,C:\Users\AYUSH\Desktop\btp-sram-fault-diagnosis\data\sim_work\logs\tb_SRAM_F2_Q_Qb_S1_27C_1P0V_0224_snm_hold_314f9d8f.log,False,snm_nonmonotonic,LTspice 24.1.10 for Windows
C:\Users\AYUSH\Desktop\btp-sram-fault-diagnosis\data\sim_work\testbenches\tb_SRAM_F2_Q_Qb_S1_27C_1P0V_0224_snm_read.net,C:\Users\AYUSH\Desktop\btp-sram-fault-diagnosis\data\sim_work\raw\tb_SRAM_F2_Q_Qb_S1_27C_1P0V_0224_snm_read_b99d12db.raw,C:\Users\AYUSH\Desktop\btp-sram-fault-diagnosis\data\sim_work\logs\tb_SRAM_F2_Q_Qb_S1_27C_1P0V_0224_snm_read_b99d12db.log,False,snm_nonmonotonic,LTspice 24.1.10 for Windows
C:\Users\AYUSH\Desktop\btp-sram-fault-diagnosis\data\sim_work\testbenches\tb_SRAM_F2_Q_Qb_S2_27C_1P0V_0225_snm_hold.net,C:\Users\AYUSH\Desktop\btp-sram-fault-diagnosis\data\sim_work\raw\tb_SRAM_F2_Q_Qb_S2_27C_1P0V_0225_snm_hold_3184613e.raw,C:\Users\AYUSH\Desktop\btp-sram-fault-diagnosis\data\sim_work\logs\tb_SRAM_F2_Q_Qb_S2_27C_1P0V_0225_snm_hold_3184613e.log,False,snm_nonmonotonic,LTspice 24.1.10 for Windows
C:\Users\AYUSH\Desktop\btp-sram-fault-diagnosis\data\sim_work\testbenches\tb_SRAM_F2_Q_Qb_S2_27C_1P0V_0225_snm_read.net,C:\Users\AYUSH\Desktop\btp-sram-fault-diagnosis\data\sim_work\raw\tb_SRAM_F2_Q_Qb_S2_27C_1P0V_0225_snm_read_03d75498.raw,C:\Users\AYUSH\Desktop\btp-sram-fault-diagnosis\data\sim_work\logs\tb_SRAM_F2_Q_Qb_S2_27C_1P0V_0225_snm_read_03d75498.log,False,snm_nonmonotonic,LTspice 24.1.10 for Windows
C:\Users\AYUSH\Desktop\btp-sram-fault-diagnosis\data\sim_work\testbenches\tb_SRAM_F2_Q_Qb_S3_27C_1P0V_0226_snm_hold.net,C:\Users\AYUSH\Desktop\btp-sram-fault-diagnosis\data\sim_work\raw\tb_SRAM_F2_Q_Qb_S3_27C_1P0V_0226_snm_hold_feb6efef.raw,C:\Users\AYUSH\Desktop\btp-sram-fault-diagnosis\data\sim_work\logs\tb_SRAM_F2_Q_Qb_S3_27C_1P0V_0226_snm_hold_feb6efef.log,False,snm_nonmonotonic,LTspice 24.1.10 for Windows
C:\Users\AYUSH\Desktop\btp-sram-fault-diagnosis\data\sim_work\testbenches\tb_SRAM_F2_Q_Qb_S3_27C_1P0V_0226_snm_read.net,C:\Users\AYUSH\Desktop\btp-sram-fault-diagnosis\data\sim_work\raw\tb_SRAM_F2_Q_Qb_S3_27C_1P0V_0226_snm_read_7433958a.raw,C:\Users\AYUSH\Desktop\btp-sram-fault-diagnosis\data\sim_work\logs\tb_SRAM_F2_Q_Qb_S3_27C_1P0V_0226_snm_read_7433958a.log,False,snm_nonmonotonic,LTspice 24.1.10 for Windows
C:\Users\AYUSH\Desktop\btp-sram-fault-diagnosis\data\sim_work\testbenches\tb_SRAM_F2_Q_Qb_S4_27C_1P0V_0227_snm_hold.net,C:\Users\AYUSH\Desktop\btp-sram-fault-diagnosis\data\sim_work\raw\tb_SRAM_F2_Q_Qb_S4_27C_1P0V_0227_snm_hold_a6b06b22.raw,C:\Users\AYUSH\Desktop\btp-sram-fault-diagnosis\data\sim_work\logs\tb_SRAM_F2_Q_Qb_S4_27C_1P0V_0227_snm_hold_a6b06b22.log,False,snm_nonmonotonic,LTspice 24.1.10 for Windows
C:\Users\AYUSH\Desktop\btp-sram-fault-diagnosis\data\sim_work\testbenches\tb_SRAM_F2_Q_Qb_S4_27C_1P0V_0227_snm_read.net,C:\Users\AYUSH\Desktop\btp-sram-fault-diagnosis\data\sim_work\raw\tb_SRAM_F2_Q_Qb_S4_27C_1P0V_0227_snm_read_dd3b90a3.raw,C:\Users\AYUSH\Desktop\btp-sram-fault-diagnosis\data\sim_work\logs\tb_SRAM_F2_Q_Qb_S4_27C_1P0V_0227_snm_read_dd3b90a3.log,False,snm_nonmonotonic,LTspice 24.1.10 for Windows
C:\Users\AYUSH\Desktop\btp-sram-fault-diagnosis\data\sim_work\testbenches\tb_SRAM_F2_Q_Qb_S5_27C_1P0V_0228_read.net,C:\Users\AYUSH\Desktop\btp-sram-fault-diagnosis\data\sim_work\raw\tb_SRAM_F2_Q_Qb_S5_27C_1P0V_0228_read_8557973a.raw,C:\Users\AYUSH\Desktop\btp-sram-fault-diagnosis\data\sim_work\logs\tb_SRAM_F2_Q_Qb_S5_27C_1P0V_0228_read_8557973a.log,False,missing or empty .raw waveform output,
C:\Users\AYUSH\Desktop\btp-sram-fault-diagnosis\data\sim_work\testbenches\tb_SRAM_F2_Q_Qb_S5_27C_1P0V_0228_snm_hold.net,C:\Users\AYUSH\Desktop\btp-sram-fault-diagnosis\data\sim_work\raw\tb_SRAM_F2_Q_Qb_S5_27C_1P0V_0228_snm_hold_2edf8525.raw,C:\Users\AYUSH\Desktop\btp-sram-fault-diagnosis\data\sim_work\logs\tb_SRAM_F2_Q_Qb_S5_27C_1P0V_0228_snm_hold_2edf8525.log,False,snm_nonmonotonic,LTspice 24.1.10 for Windows
C:\Users\AYUSH\Desktop\btp-sram-fault-diagnosis\data\sim_work\testbenches\tb_SRAM_F2_Q_Qb_S5_27C_1P0V_0228_snm_read.net,C:\Users\AYUSH\Desktop\btp-sram-fault-diagnosis\data\sim_work\raw\tb_SRAM_F2_Q_Qb_S5_27C_1P0V_0228_snm_read_7d76c105.raw,C:\Users\AYUSH\Desktop\btp-sram-fault-diagnosis\data\sim_work\logs\tb_SRAM_F2_Q_Qb_S5_27C_1P0V_0228_snm_read_7d76c105.log,False,snm_nonmonotonic,LTspice 24.1.10 for Windows
C:\Users\AYUSH\Desktop\btp-sram-fault-diagnosis\data\sim_work\testbenches\tb_SRAM_F3_storage_pair_S5_27C_1P0V_0233_snm_read.net,C:\Users\AYUSH\Desktop\btp-sram-fault-diagnosis\data\sim_work\raw\tb_SRAM_F3_storage_pair_S5_27C_1P0V_0233_snm_read_bd7ba1e0.raw,C:\Users\AYUSH\Desktop\btp-sram-fault-diagnosis\data\sim_work\logs\tb_SRAM_F3_storage_pair_S5_27C_1P0V_0233_snm_read_bd7ba1e0.log,False,snm_nonmonotonic,LTspice 24.1.10 for Windows
C:\Users\AYUSH\Desktop\btp-sram-fault-diagnosis\data\sim_work\testbenches\tb_SRAM_F3_storage_pair_S6_27C_1P0V_0234_snm_read.net,C:\Users\AYUSH\Desktop\btp-sram-fault-diagnosis\data\sim_work\raw\tb_SRAM_F3_storage_pair_S6_27C_1P0V_0234_snm_read_85ea9774.raw,C:\Users\AYUSH\Desktop\btp-sram-fault-diagnosis\data\sim_work\logs\tb_SRAM_F3_storage_pair_S6_27C_1P0V_0234_snm_read_85ea9774.log,False,snm_nonmonotonic,LTspice 24.1.10 for Windows
C:\Users\AYUSH\Desktop\btp-sram-fault-diagnosis\data\sim_work\testbenches\tb_SRAM_F4_access_pair_S5_27C_1P0V_0239_write_0.net,C:\Users\AYUSH\Desktop\btp-sram-fault-diagnosis\data\sim_work\raw\tb_SRAM_F4_access_pair_S5_27C_1P0V_0239_write_0_2f4ca544.raw,C:\Users\AYUSH\Desktop\btp-sram-fault-diagnosis\data\sim_work\logs\tb_SRAM_F4_access_pair_S5_27C_1P0V_0239_write_0_2f4ca544.log,False,missing or empty .raw waveform output,
C:\Users\AYUSH\Desktop\btp-sram-fault-diagnosis\data\sim_work\testbenches\tb_SRAM_F2_Q_Qb_S1_75C_1P0V_0254_snm_hold.net,C:\Users\AYUSH\Desktop\btp-sram-fault-diagnosis\data\sim_work\raw\tb_SRAM_F2_Q_Qb_S1_75C_1P0V_0254_snm_hold_141a89ad.raw,C:\Users\AYUSH\Desktop\btp-sram-fault-diagnosis\data\sim_work\logs\tb_SRAM_F2_Q_Qb_S1_75C_1P0V_0254_snm_hold_141a89ad.log,False,snm_nonmonotonic,LTspice 24.1.10 for Windows
C:\Users\AYUSH\Desktop\btp-sram-fault-diagnosis\data\sim_work\testbenches\tb_SRAM_F2_Q_Qb_S1_75C_1P0V_0254_snm_read.net,C:\Users\AYUSH\Desktop\btp-sram-fault-diagnosis\data\sim_work\raw\tb_SRAM_F2_Q_Qb_S1_75C_1P0V_0254_snm_read_5f5a2070.raw,C:\Users\AYUSH\Desktop\btp-sram-fault-diagnosis\data\sim_work\logs\tb_SRAM_F2_Q_Qb_S1_75C_1P0V_0254_snm_read_5f5a2070.log,False,snm_nonmonotonic,LTspice 24.1.10 for Windows
C:\Users\AYUSH\Desktop\btp-sram-fault-diagnosis\data\sim_work\testbenches\tb_SRAM_F2_Q_Qb_S2_75C_1P0V_0255_hold.net,C:\Users\AYUSH\Desktop\btp-sram-fault-diagnosis\data\sim_work\raw\tb_SRAM_F2_Q_Qb_S2_75C_1P0V_0255_hold_939b4cdc.raw,C:\Users\AYUSH\Desktop\btp-sram-fault-diagnosis\data\sim_work\logs\tb_SRAM_F2_Q_Qb_S2_75C_1P0V_0255_hold_939b4cdc.log,False,missing or empty .raw waveform output,
C:\Users\AYUSH\Desktop\btp-sram-fault-diagnosis\data\sim_work\testbenches\tb_SRAM_F2_Q_Qb_S2_75C_1P0V_0255_write_0.net,C:\Users\AYUSH\Desktop\btp-sram-fault-diagnosis\data\sim_work\raw\tb_SRAM_F2_Q_Qb_S2_75C_1P0V_0255_write_0_c8847317.raw,C:\Users\AYUSH\Desktop\btp-sram-fault-diagnosis\data\sim_work\logs\tb_SRAM_F2_Q_Qb_S2_75C_1P0V_0255_write_0_c8847317.log,False,missing or empty .raw waveform output,
C:\Users\AYUSH\Desktop\btp-sram-fault-diagnosis\data\sim_work\testbenches\tb_SRAM_F2_Q_Qb_S2_75C_1P0V_0255_snm_hold.net,C:\Users\AYUSH\Desktop\btp-sram-fault-diagnosis\data\sim_work\raw\tb_SRAM_F2_Q_Qb_S2_75C_1P0V_0255_snm_hold_028af73d.raw,C:\Users\AYUSH\Desktop\btp-sram-fault-diagnosis\data\sim_work\logs\tb_SRAM_F2_Q_Qb_S2_75C_1P0V_0255_snm_hold_028af73d.log,False,snm_nonmonotonic,LTspice 24.1.10 for Windows
C:\Users\AYUSH\Desktop\btp-sram-fault-diagnosis\data\sim_work\testbenches\tb_SRAM_F2_Q_Qb_S2_75C_1P0V_0255_snm_read.net,C:\Users\AYUSH\Desktop\btp-sram-fault-diagnosis\data\sim_work\raw\tb_SRAM_F2_Q_Qb_S2_75C_1P0V_0255_snm_read_cfe5d8e8.raw,C:\Users\AYUSH\Desktop\btp-sram-fault-diagnosis\data\sim_work\logs\tb_SRAM_F2_Q_Qb_S2_75C_1P0V_0255_snm_read_cfe5d8e8.log,False,snm_nonmonotonic,LTspice 24.1.10 for Windows
C:\Users\AYUSH\Desktop\btp-sram-fault-diagnosis\data\sim_work\testbenches\tb_SRAM_F2_Q_Qb_S3_75C_1P0V_0256_snm_hold.net,C:\Users\AYUSH\Desktop\btp-sram-fault-diagnosis\data\sim_work\raw\tb_SRAM_F2_Q_Qb_S3_75C_1P0V_0256_snm_hold_0c2f5dd7.raw,C:\Users\AYUSH\Desktop\btp-sram-fault-diagnosis\data\sim_work\logs\tb_SRAM_F2_Q_Qb_S3_75C_1P0V_0256_snm_hold_0c2f5dd7.log,False,snm_nonmonotonic,LTspice 24.1.10 for Windows
C:\Users\AYUSH\Desktop\btp-sram-fault-diagnosis\data\sim_work\testbenches\tb_SRAM_F2_Q_Qb_S3_75C_1P0V_0256_snm_read.net,C:\Users\AYUSH\Desktop\btp-sram-fault-diagnosis\data\sim_work\raw\tb_SRAM_F2_Q_Qb_S3_75C_1P0V_0256_snm_read_b88e9139.raw,C:\Users\AYUSH\Desktop\btp-sram-fault-diagnosis\data\sim_work\logs\tb_SRAM_F2_Q_Qb_S3_75C_1P0V_0256_snm_read_b88e9139.log,False,snm_nonmonotonic,LTspice 24.1.10 for Windows
C:\Users\AYUSH\Desktop\btp-sram-fault-diagnosis\data\sim_work\testbenches\tb_SRAM_F2_Q_Qb_S4_75C_1P0V_0257_snm_hold.net,C:\Users\AYUSH\Desktop\btp-sram-fault-diagnosis\data\sim_work\raw\tb_SRAM_F2_Q_Qb_S4_75C_1P0V_0257_snm_hold_633e577e.raw,C:\Users\AYUSH\Desktop\btp-sram-fault-diagnosis\data\sim_work\logs\tb_SRAM_F2_Q_Qb_S4_75C_1P0V_0257_snm_hold_633e577e.log,False,snm_nonmonotonic,LTspice 24.1.10 for Windows
C:\Users\AYUSH\Desktop\btp-sram-fault-diagnosis\data\sim_work\testbenches\tb_SRAM_F2_Q_Qb_S4_75C_1P0V_0257_snm_read.net,C:\Users\AYUSH\Desktop\btp-sram-fault-diagnosis\data\sim_work\raw\tb_SRAM_F2_Q_Qb_S4_75C_1P0V_0257_snm_read_a3b53c77.raw,C:\Users\AYUSH\Desktop\btp-sram-fault-diagnosis\data\sim_work\logs\tb_SRAM_F2_Q_Qb_S4_75C_1P0V_0257_snm_read_a3b53c77.log,False,snm_nonmonotonic,LTspice 24.1.10 for Windows
C:\Users\AYUSH\Desktop\btp-sram-fault-diagnosis\data\sim_work\testbenches\tb_SRAM_F2_Q_Qb_S5_75C_1P0V_0258_snm_hold.net,C:\Users\AYUSH\Desktop\btp-sram-fault-diagnosis\data\sim_work\raw\tb_SRAM_F2_Q_Qb_S5_75C_1P0V_0258_snm_hold_1d3a4f38.raw,C:\Users\AYUSH\Desktop\btp-sram-fault-diagnosis\data\sim_work\logs\tb_SRAM_F2_Q_Qb_S5_75C_1P0V_0258_snm_hold_1d3a4f38.log,False,snm_nonmonotonic,LTspice 24.1.10 for Windows
C:\Users\AYUSH\Desktop\btp-sram-fault-diagnosis\data\sim_work\testbenches\tb_SRAM_F2_Q_Qb_S5_75C_1P0V_0258_snm_read.net,C:\Users\AYUSH\Desktop\btp-sram-fault-diagnosis\data\sim_work\raw\tb_SRAM_F2_Q_Qb_S5_75C_1P0V_0258_snm_read_3344fcd9.raw,C:\Users\AYUSH\Desktop\btp-sram-fault-diagnosis\data\sim_work\logs\tb_SRAM_F2_Q_Qb_S5_75C_1P0V_0258_snm_read_3344fcd9.log,False,snm_nonmonotonic,LTspice 24.1.10 for Windows
C:\Users\AYUSH\Desktop\btp-sram-fault-diagnosis\data\sim_work\testbenches\tb_SRAM_F4_access_pair_S3_75C_1P0V_0267_snm_hold.net,C:\Users\AYUSH\Desktop\btp-sram-fault-diagnosis\data\sim_work\raw\tb_SRAM_F4_access_pair_S3_75C_1P0V_0267_snm_hold_13c5f27b.raw,C:\Users\AYUSH\Desktop\btp-sram-fault-diagnosis\data\sim_work\logs\tb_SRAM_F4_access_pair_S3_75C_1P0V_0267_snm_hold_13c5f27b.log,False,missing or empty .raw waveform output,
C:\Users\AYUSH\Desktop\btp-sram-fault-diagnosis\data\sim_work\testbenches\tb_SRAM_F1_M5_S4_125C_1P0V_0275_write.net,C:\Users\AYUSH\Desktop\btp-sram-fault-diagnosis\data\sim_work\raw\tb_SRAM_F1_M5_S4_125C_1P0V_0275_write_dfe38add.raw,C:\Users\AYUSH\Desktop\btp-sram-fault-diagnosis\data\sim_work\logs\tb_SRAM_F1_M5_S4_125C_1P0V_0275_write_dfe38add.log,False,missing or empty .raw waveform output,
C:\Users\AYUSH\Desktop\btp-sram-fault-diagnosis\data\sim_work\testbenches\tb_SRAM_F1_M5_S5_125C_1P0V_0276_snm_read.net,C:\Users\AYUSH\Desktop\btp-sram-fault-diagnosis\data\sim_work\raw\tb_SRAM_F1_M5_S5_125C_1P0V_0276_snm_read_2ce60886.raw,C:\Users\AYUSH\Desktop\btp-sram-fault-diagnosis\data\sim_work\logs\tb_SRAM_F1_M5_S5_125C_1P0V_0276_snm_read_2ce60886.log,False,missing or empty .raw waveform output,
C:\Users\AYUSH\Desktop\btp-sram-fault-diagnosis\data\sim_work\testbenches\tb_SRAM_F1_M5_S6_125C_1P0V_0277_hold.net,C:\Users\AYUSH\Desktop\btp-sram-fault-diagnosis\data\sim_work\raw\tb_SRAM_F1_M5_S6_125C_1P0V_0277_hold_4e958fbf.raw,C:\Users\AYUSH\Desktop\btp-sram-fault-diagnosis\data\sim_work\logs\tb_SRAM_F1_M5_S6_125C_1P0V_0277_hold_4e958fbf.log,False,missing or empty .raw waveform output,
C:\Users\AYUSH\Desktop\btp-sram-fault-diagnosis\data\sim_work\testbenches\tb_SRAM_F2_Q_Qb_S1_125C_1P0V_0284_snm_hold.net,C:\Users\AYUSH\Desktop\btp-sram-fault-diagnosis\data\sim_work\raw\tb_SRAM_F2_Q_Qb_S1_125C_1P0V_0284_snm_hold_320de019.raw,C:\Users\AYUSH\Desktop\btp-sram-fault-diagnosis\data\sim_work\logs\tb_SRAM_F2_Q_Qb_S1_125C_1P0V_0284_snm_hold_320de019.log,False,snm_nonmonotonic,LTspice 24.1.10 for Windows
C:\Users\AYUSH\Desktop\btp-sram-fault-diagnosis\data\sim_work\testbenches\tb_SRAM_F2_Q_Qb_S1_125C_1P0V_0284_snm_read.net,C:\Users\AYUSH\Desktop\btp-sram-fault-diagnosis\data\sim_work\raw\tb_SRAM_F2_Q_Qb_S1_125C_1P0V_0284_snm_read_ff32ece4.raw,C:\Users\AYUSH\Desktop\btp-sram-fault-diagnosis\data\sim_work\logs\tb_SRAM_F2_Q_Qb_S1_125C_1P0V_0284_snm_read_ff32ece4.log,False,snm_nonmonotonic,LTspice 24.1.10 for Windows
C:\Users\AYUSH\Desktop\btp-sram-fault-diagnosis\data\sim_work\testbenches\tb_SRAM_F2_Q_Qb_S2_125C_1P0V_0285_snm_hold.net,C:\Users\AYUSH\Desktop\btp-sram-fault-diagnosis\data\sim_work\raw\tb_SRAM_F2_Q_Qb_S2_125C_1P0V_0285_snm_hold_1e5fa3c5.raw,C:\Users\AYUSH\Desktop\btp-sram-fault-diagnosis\data\sim_work\logs\tb_SRAM_F2_Q_Qb_S2_125C_1P0V_0285_snm_hold_1e5fa3c5.log,False,snm_nonmonotonic,LTspice 24.1.10 for Windows
C:\Users\AYUSH\Desktop\btp-sram-fault-diagnosis\data\sim_work\testbenches\tb_SRAM_F2_Q_Qb_S2_125C_1P0V_0285_snm_read.net,C:\Users\AYUSH\Desktop\btp-sram-fault-diagnosis\data\sim_work\raw\tb_SRAM_F2_Q_Qb_S2_125C_1P0V_0285_snm_read_7b09f82f.raw,C:\Users\AYUSH\Desktop\btp-sram-fault-diagnosis\data\sim_work\logs\tb_SRAM_F2_Q_Qb_S2_125C_1P0V_0285_snm_read_7b09f82f.log,False,snm_nonmonotonic,LTspice 24.1.10 for Windows
C:\Users\AYUSH\Desktop\btp-sram-fault-diagnosis\data\sim_work\testbenches\tb_SRAM_F2_Q_Qb_S3_125C_1P0V_0286_snm_hold.net,C:\Users\AYUSH\Desktop\btp-sram-fault-diagnosis\data\sim_work\raw\tb_SRAM_F2_Q_Qb_S3_125C_1P0V_0286_snm_hold_9d45b3b6.raw,C:\Users\AYUSH\Desktop\btp-sram-fault-diagnosis\data\sim_work\logs\tb_SRAM_F2_Q_Qb_S3_125C_1P0V_0286_snm_hold_9d45b3b6.log,False,snm_nonmonotonic,LTspice 24.1.10 for Windows
C:\Users\AYUSH\Desktop\btp-sram-fault-diagnosis\data\sim_work\testbenches\tb_SRAM_F2_Q_Qb_S3_125C_1P0V_0286_snm_read.net,C:\Users\AYUSH\Desktop\btp-sram-fault-diagnosis\data\sim_work\raw\tb_SRAM_F2_Q_Qb_S3_125C_1P0V_0286_snm_read_bb520d65.raw,C:\Users\AYUSH\Desktop\btp-sram-fault-diagnosis\data\sim_work\logs\tb_SRAM_F2_Q_Qb_S3_125C_1P0V_0286_snm_read_bb520d65.log,False,snm_nonmonotonic,LTspice 24.1.10 for Windows
C:\Users\AYUSH\Desktop\btp-sram-fault-diagnosis\data\sim_work\testbenches\tb_SRAM_F2_Q_Qb_S4_125C_1P0V_0287_snm_hold.net,C:\Users\AYUSH\Desktop\btp-sram-fault-diagnosis\data\sim_work\raw\tb_SRAM_F2_Q_Qb_S4_125C_1P0V_0287_snm_hold_675f5be9.raw,C:\Users\AYUSH\Desktop\btp-sram-fault-diagnosis\data\sim_work\logs\tb_SRAM_F2_Q_Qb_S4_125C_1P0V_0287_snm_hold_675f5be9.log,False,snm_nonmonotonic,LTspice 24.1.10 for Windows
C:\Users\AYUSH\Desktop\btp-sram-fault-diagnosis\data\sim_work\testbenches\tb_SRAM_F2_Q_Qb_S4_125C_1P0V_0287_snm_read.net,C:\Users\AYUSH\Desktop\btp-sram-fault-diagnosis\data\sim_work\raw\tb_SRAM_F2_Q_Qb_S4_125C_1P0V_0287_snm_read_db40e5b8.raw,C:\Users\AYUSH\Desktop\btp-sram-fault-diagnosis\data\sim_work\logs\tb_SRAM_F2_Q_Qb_S4_125C_1P0V_0287_snm_read_db40e5b8.log,False,snm_nonmonotonic,LTspice 24.1.10 for Windows
C:\Users\AYUSH\Desktop\btp-sram-fault-diagnosis\data\sim_work\testbenches\tb_SRAM_F2_Q_Qb_S5_125C_1P0V_0288_snm_hold.net,C:\Users\AYUSH\Desktop\btp-sram-fault-diagnosis\data\sim_work\raw\tb_SRAM_F2_Q_Qb_S5_125C_1P0V_0288_snm_hold_949951cb.raw,C:\Users\AYUSH\Desktop\btp-sram-fault-diagnosis\data\sim_work\logs\tb_SRAM_F2_Q_Qb_S5_125C_1P0V_0288_snm_hold_949951cb.log,False,snm_nonmonotonic,LTspice 24.1.10 for Windows
C:\Users\AYUSH\Desktop\btp-sram-fault-diagnosis\data\sim_work\testbenches\tb_SRAM_F2_Q_Qb_S5_125C_1P0V_0288_snm_read.net,C:\Users\AYUSH\Desktop\btp-sram-fault-diagnosis\data\sim_work\raw\tb_SRAM_F2_Q_Qb_S5_125C_1P0V_0288_snm_read_5f7e1d4b.raw,C:\Users\AYUSH\Desktop\btp-sram-fault-diagnosis\data\sim_work\logs\tb_SRAM_F2_Q_Qb_S5_125C_1P0V_0288_snm_read_5f7e1d4b.log,False,snm_nonmonotonic,LTspice 24.1.10 for Windows
C:\Users\AYUSH\Desktop\btp-sram-fault-diagnosis\data\sim_work\testbenches\tb_SRAM_F2_Q_Qb_S1_M40C_1P1V_0314_snm_hold.net,C:\Users\AYUSH\Desktop\btp-sram-fault-diagnosis\data\sim_work\raw\tb_SRAM_F2_Q_Qb_S1_M40C_1P1V_0314_snm_hold_3a750d6c.raw,C:\Users\AYUSH\Desktop\btp-sram-fault-diagnosis\data\sim_work\logs\tb_SRAM_F2_Q_Qb_S1_M40C_1P1V_0314_snm_hold_3a750d6c.log,False,snm_nonmonotonic,LTspice 24.1.10 for Windows
C:\Users\AYUSH\Desktop\btp-sram-fault-diagnosis\data\sim_work\testbenches\tb_SRAM_F2_Q_Qb_S1_M40C_1P1V_0314_snm_read.net,C:\Users\AYUSH\Desktop\btp-sram-fault-diagnosis\data\sim_work\raw\tb_SRAM_F2_Q_Qb_S1_M40C_1P1V_0314_snm_read_a72e6b1e.raw,C:\Users\AYUSH\Desktop\btp-sram-fault-diagnosis\data\sim_work\logs\tb_SRAM_F2_Q_Qb_S1_M40C_1P1V_0314_snm_read_a72e6b1e.log,False,snm_nonmonotonic,LTspice 24.1.10 for Windows
C:\Users\AYUSH\Desktop\btp-sram-fault-diagnosis\data\sim_work\testbenches\tb_SRAM_F2_Q_Qb_S2_M40C_1P1V_0315_snm_hold.net,C:\Users\AYUSH\Desktop\btp-sram-fault-diagnosis\data\sim_work\raw\tb_SRAM_F2_Q_Qb_S2_M40C_1P1V_0315_snm_hold_db52c257.raw,C:\Users\AYUSH\Desktop\btp-sram-fault-diagnosis\data\sim_work\logs\tb_SRAM_F2_Q_Qb_S2_M40C_1P1V_0315_snm_hold_db52c257.log,False,snm_nonmonotonic,LTspice 24.1.10 for Windows
C:\Users\AYUSH\Desktop\btp-sram-fault-diagnosis\data\sim_work\testbenches\tb_SRAM_F2_Q_Qb_S2_M40C_1P1V_0315_snm_read.net,C:\Users\AYUSH\Desktop\btp-sram-fault-diagnosis\data\sim_work\raw\tb_SRAM_F2_Q_Qb_S2_M40C_1P1V_0315_snm_read_471deda5.raw,C:\Users\AYUSH\Desktop\btp-sram-fault-diagnosis\data\sim_work\logs\tb_SRAM_F2_Q_Qb_S2_M40C_1P1V_0315_snm_read_471deda5.log,False,snm_nonmonotonic,LTspice 24.1.10 for Windows
C:\Users\AYUSH\Desktop\btp-sram-fault-diagnosis\data\sim_work\testbenches\tb_SRAM_F2_Q_Qb_S3_M40C_1P1V_0316_snm_hold.net,C:\Users\AYUSH\Desktop\btp-sram-fault-diagnosis\data\sim_work\raw\tb_SRAM_F2_Q_Qb_S3_M40C_1P1V_0316_snm_hold_48744912.raw,C:\Users\AYUSH\Desktop\btp-sram-fault-diagnosis\data\sim_work\logs\tb_SRAM_F2_Q_Qb_S3_M40C_1P1V_0316_snm_hold_48744912.log,False,snm_nonmonotonic,LTspice 24.1.10 for Windows
C:\Users\AYUSH\Desktop\btp-sram-fault-diagnosis\data\sim_work\testbenches\tb_SRAM_F2_Q_Qb_S3_M40C_1P1V_0316_snm_read.net,C:\Users\AYUSH\Desktop\btp-sram-fault-diagnosis\data\sim_work\raw\tb_SRAM_F2_Q_Qb_S3_M40C_1P1V_0316_snm_read_365d8ccf.raw,C:\Users\AYUSH\Desktop\btp-sram-fault-diagnosis\data\sim_work\logs\tb_SRAM_F2_Q_Qb_S3_M40C_1P1V_0316_snm_read_365d8ccf.log,False,snm_nonmonotonic,LTspice 24.1.10 for Windows
C:\Users\AYUSH\Desktop\btp-sram-fault-diagnosis\data\sim_work\testbenches\tb_SRAM_F2_Q_Qb_S4_M40C_1P1V_0317_snm_hold.net,C:\Users\AYUSH\Desktop\btp-sram-fault-diagnosis\data\sim_work\raw\tb_SRAM_F2_Q_Qb_S4_M40C_1P1V_0317_snm_hold_f3baaa68.raw,C:\Users\AYUSH\Desktop\btp-sram-fault-diagnosis\data\sim_work\logs\tb_SRAM_F2_Q_Qb_S4_M40C_1P1V_0317_snm_hold_f3baaa68.log,False,snm_nonmonotonic,LTspice 24.1.10 for Windows
C:\Users\AYUSH\Desktop\btp-sram-fault-diagnosis\data\sim_work\testbenches\tb_SRAM_F2_Q_Qb_S4_M40C_1P1V_0317_snm_read.net,C:\Users\AYUSH\Desktop\btp-sram-fault-diagnosis\data\sim_work\raw\tb_SRAM_F2_Q_Qb_S4_M40C_1P1V_0317_snm_read_c280bdec.raw,C:\Users\AYUSH\Desktop\btp-sram-fault-diagnosis\data\sim_work\logs\tb_SRAM_F2_Q_Qb_S4_M40C_1P1V_0317_snm_read_c280bdec.log,False,snm_nonmonotonic,LTspice 24.1.10 for Windows
C:\Users\AYUSH\Desktop\btp-sram-fault-diagnosis\data\sim_work\testbenches\tb_SRAM_F2_Q_Qb_S5_M40C_1P1V_0318_snm_hold.net,C:\Users\AYUSH\Desktop\btp-sram-fault-diagnosis\data\sim_work\raw\tb_SRAM_F2_Q_Qb_S5_M40C_1P1V_0318_snm_hold_9fc5c518.raw,C:\Users\AYUSH\Desktop\btp-sram-fault-diagnosis\data\sim_work\logs\tb_SRAM_F2_Q_Qb_S5_M40C_1P1V_0318_snm_hold_9fc5c518.log,False,snm_nonmonotonic,LTspice 24.1.10 for Windows
C:\Users\AYUSH\Desktop\btp-sram-fault-diagnosis\data\sim_work\testbenches\tb_SRAM_F2_Q_Qb_S5_M40C_1P1V_0318_snm_read.net,C:\Users\AYUSH\Desktop\btp-sram-fault-diagnosis\data\sim_work\raw\tb_SRAM_F2_Q_Qb_S5_M40C_1P1V_0318_snm_read_f85a3fbe.raw,C:\Users\AYUSH\Desktop\btp-sram-fault-diagnosis\data\sim_work\logs\tb_SRAM_F2_Q_Qb_S5_M40C_1P1V_0318_snm_read_f85a3fbe.log,False,snm_nonmonotonic,LTspice 24.1.10 for Windows
C:\Users\AYUSH\Desktop\btp-sram-fault-diagnosis\data\sim_work\testbenches\tb_SRAM_F3_storage_pair_S1_M40C_1P1V_0319_write.net,C:\Users\AYUSH\Desktop\btp-sram-fault-diagnosis\data\sim_work\raw\tb_SRAM_F3_storage_pair_S1_M40C_1P1V_0319_write_79cf53e8.raw,C:\Users\AYUSH\Desktop\btp-sram-fault-diagnosis\data\sim_work\logs\tb_SRAM_F3_storage_pair_S1_M40C_1P1V_0319_write_79cf53e8.log,False,missing or empty .raw waveform output,
C:\Users\AYUSH\Desktop\btp-sram-fault-diagnosis\data\sim_work\testbenches\tb_SRAM_F3_storage_pair_S1_M40C_1P1V_0319_snm_read.net,C:\Users\AYUSH\Desktop\btp-sram-fault-diagnosis\data\sim_work\raw\tb_SRAM_F3_storage_pair_S1_M40C_1P1V_0319_snm_read_9ea28622.raw,C:\Users\AYUSH\Desktop\btp-sram-fault-diagnosis\data\sim_work\logs\tb_SRAM_F3_storage_pair_S1_M40C_1P1V_0319_snm_read_9ea28622.log,False,snm_nonmonotonic,LTspice 24.1.10 for Windows
C:\Users\AYUSH\Desktop\btp-sram-fault-diagnosis\data\sim_work\testbenches\tb_SRAM_F3_storage_pair_S4_M40C_1P1V_0322_snm_read.net,C:\Users\AYUSH\Desktop\btp-sram-fault-diagnosis\data\sim_work\raw\tb_SRAM_F3_storage_pair_S4_M40C_1P1V_0322_snm_read_cf39ad36.raw,C:\Users\AYUSH\Desktop\btp-sram-fault-diagnosis\data\sim_work\logs\tb_SRAM_F3_storage_pair_S4_M40C_1P1V_0322_snm_read_cf39ad36.log,False,snm_nonmonotonic,LTspice 24.1.10 for Windows
C:\Users\AYUSH\Desktop\btp-sram-fault-diagnosis\data\sim_work\testbenches\tb_SRAM_F3_storage_pair_S5_M40C_1P1V_0323_snm_read.net,C:\Users\AYUSH\Desktop\btp-sram-fault-diagnosis\data\sim_work\raw\tb_SRAM_F3_storage_pair_S5_M40C_1P1V_0323_snm_read_019fee3e.raw,C:\Users\AYUSH\Desktop\btp-sram-fault-diagnosis\data\sim_work\logs\tb_SRAM_F3_storage_pair_S5_M40C_1P1V_0323_snm_read_019fee3e.log,False,snm_nonmonotonic,LTspice 24.1.10 for Windows
C:\Users\AYUSH\Desktop\btp-sram-fault-diagnosis\data\sim_work\testbenches\tb_SRAM_F3_storage_pair_S6_M40C_1P1V_0324_snm_read.net,C:\Users\AYUSH\Desktop\btp-sram-fault-diagnosis\data\sim_work\raw\tb_SRAM_F3_storage_pair_S6_M40C_1P1V_0324_snm_read_045a137d.raw,C:\Users\AYUSH\Desktop\btp-sram-fault-diagnosis\data\sim_work\logs\tb_SRAM_F3_storage_pair_S6_M40C_1P1V_0324_snm_read_045a137d.log,False,snm_nonmonotonic,LTspice 24.1.10 for Windows
C:\Users\AYUSH\Desktop\btp-sram-fault-diagnosis\data\sim_work\testbenches\tb_SRAM_F2_Q_Qb_S1_0C_1P1V_0344_snm_hold.net,C:\Users\AYUSH\Desktop\btp-sram-fault-diagnosis\data\sim_work\raw\tb_SRAM_F2_Q_Qb_S1_0C_1P1V_0344_snm_hold_ab643e2f.raw,C:\Users\AYUSH\Desktop\btp-sram-fault-diagnosis\data\sim_work\logs\tb_SRAM_F2_Q_Qb_S1_0C_1P1V_0344_snm_hold_ab643e2f.log,False,snm_nonmonotonic,LTspice 24.1.10 for Windows
C:\Users\AYUSH\Desktop\btp-sram-fault-diagnosis\data\sim_work\testbenches\tb_SRAM_F2_Q_Qb_S1_0C_1P1V_0344_snm_read.net,C:\Users\AYUSH\Desktop\btp-sram-fault-diagnosis\data\sim_work\raw\tb_SRAM_F2_Q_Qb_S1_0C_1P1V_0344_snm_read_8ab40cb2.raw,C:\Users\AYUSH\Desktop\btp-sram-fault-diagnosis\data\sim_work\logs\tb_SRAM_F2_Q_Qb_S1_0C_1P1V_0344_snm_read_8ab40cb2.log,False,snm_nonmonotonic,LTspice 24.1.10 for Windows
C:\Users\AYUSH\Desktop\btp-sram-fault-diagnosis\data\sim_work\testbenches\tb_SRAM_F2_Q_Qb_S2_0C_1P1V_0345_snm_hold.net,C:\Users\AYUSH\Desktop\btp-sram-fault-diagnosis\data\sim_work\raw\tb_SRAM_F2_Q_Qb_S2_0C_1P1V_0345_snm_hold_777f21df.raw,C:\Users\AYUSH\Desktop\btp-sram-fault-diagnosis\data\sim_work\logs\tb_SRAM_F2_Q_Qb_S2_0C_1P1V_0345_snm_hold_777f21df.log,False,snm_nonmonotonic,LTspice 24.1.10 for Windows
C:\Users\AYUSH\Desktop\btp-sram-fault-diagnosis\data\sim_work\testbenches\tb_SRAM_F2_Q_Qb_S2_0C_1P1V_0345_snm_read.net,C:\Users\AYUSH\Desktop\btp-sram-fault-diagnosis\data\sim_work\raw\tb_SRAM_F2_Q_Qb_S2_0C_1P1V_0345_snm_read_6bcba210.raw,C:\Users\AYUSH\Desktop\btp-sram-fault-diagnosis\data\sim_work\logs\tb_SRAM_F2_Q_Qb_S2_0C_1P1V_0345_snm_read_6bcba210.log,False,snm_nonmonotonic,LTspice 24.1.10 for Windows
C:\Users\AYUSH\Desktop\btp-sram-fault-diagnosis\data\sim_work\testbenches\tb_SRAM_F2_Q_Qb_S3_0C_1P1V_0346_snm_hold.net,C:\Users\AYUSH\Desktop\btp-sram-fault-diagnosis\data\sim_work\raw\tb_SRAM_F2_Q_Qb_S3_0C_1P1V_0346_snm_hold_d28a83d7.raw,C:\Users\AYUSH\Desktop\btp-sram-fault-diagnosis\data\sim_work\logs\tb_SRAM_F2_Q_Qb_S3_0C_1P1V_0346_snm_hold_d28a83d7.log,False,snm_nonmonotonic,LTspice 24.1.10 for Windows
C:\Users\AYUSH\Desktop\btp-sram-fault-diagnosis\data\sim_work\testbenches\tb_SRAM_F2_Q_Qb_S3_0C_1P1V_0346_snm_read.net,C:\Users\AYUSH\Desktop\btp-sram-fault-diagnosis\data\sim_work\raw\tb_SRAM_F2_Q_Qb_S3_0C_1P1V_0346_snm_read_8b8ddf10.raw,C:\Users\AYUSH\Desktop\btp-sram-fault-diagnosis\data\sim_work\logs\tb_SRAM_F2_Q_Qb_S3_0C_1P1V_0346_snm_read_8b8ddf10.log,False,snm_nonmonotonic,LTspice 24.1.10 for Windows
C:\Users\AYUSH\Desktop\btp-sram-fault-diagnosis\data\sim_work\testbenches\tb_SRAM_F2_Q_Qb_S4_0C_1P1V_0347_snm_hold.net,C:\Users\AYUSH\Desktop\btp-sram-fault-diagnosis\data\sim_work\raw\tb_SRAM_F2_Q_Qb_S4_0C_1P1V_0347_snm_hold_06f403fd.raw,C:\Users\AYUSH\Desktop\btp-sram-fault-diagnosis\data\sim_work\logs\tb_SRAM_F2_Q_Qb_S4_0C_1P1V_0347_snm_hold_06f403fd.log,False,snm_nonmonotonic,LTspice 24.1.10 for Windows
C:\Users\AYUSH\Desktop\btp-sram-fault-diagnosis\data\sim_work\testbenches\tb_SRAM_F2_Q_Qb_S4_0C_1P1V_0347_snm_read.net,C:\Users\AYUSH\Desktop\btp-sram-fault-diagnosis\data\sim_work\raw\tb_SRAM_F2_Q_Qb_S4_0C_1P1V_0347_snm_read_65c48b00.raw,C:\Users\AYUSH\Desktop\btp-sram-fault-diagnosis\data\sim_work\logs\tb_SRAM_F2_Q_Qb_S4_0C_1P1V_0347_snm_read_65c48b00.log,False,snm_nonmonotonic,LTspice 24.1.10 for Windows
C:\Users\AYUSH\Desktop\btp-sram-fault-diagnosis\data\sim_work\testbenches\tb_SRAM_F2_Q_Qb_S5_0C_1P1V_0348_snm_hold.net,C:\Users\AYUSH\Desktop\btp-sram-fault-diagnosis\data\sim_work\raw\tb_SRAM_F2_Q_Qb_S5_0C_1P1V_0348_snm_hold_ff1be2b0.raw,C:\Users\AYUSH\Desktop\btp-sram-fault-diagnosis\data\sim_work\logs\tb_SRAM_F2_Q_Qb_S5_0C_1P1V_0348_snm_hold_ff1be2b0.log,False,snm_nonmonotonic,LTspice 24.1.10 for Windows
C:\Users\AYUSH\Desktop\btp-sram-fault-diagnosis\data\sim_work\testbenches\tb_SRAM_F2_Q_Qb_S5_0C_1P1V_0348_snm_read.net,C:\Users\AYUSH\Desktop\btp-sram-fault-diagnosis\data\sim_work\raw\tb_SRAM_F2_Q_Qb_S5_0C_1P1V_0348_snm_read_bb2cbe54.raw,C:\Users\AYUSH\Desktop\btp-sram-fault-diagnosis\data\sim_work\logs\tb_SRAM_F2_Q_Qb_S5_0C_1P1V_0348_snm_read_bb2cbe54.log,False,snm_nonmonotonic,LTspice 24.1.10 for Windows
C:\Users\AYUSH\Desktop\btp-sram-fault-diagnosis\data\sim_work\testbenches\tb_SRAM_F3_storage_pair_S5_0C_1P1V_0353_snm_read.net,C:\Users\AYUSH\Desktop\btp-sram-fault-diagnosis\data\sim_work\raw\tb_SRAM_F3_storage_pair_S5_0C_1P1V_0353_snm_read_d6bcd315.raw,C:\Users\AYUSH\Desktop\btp-sram-fault-diagnosis\data\sim_work\logs\tb_SRAM_F3_storage_pair_S5_0C_1P1V_0353_snm_read_d6bcd315.log,False,snm_nonmonotonic,LTspice 24.1.10 for Windows
C:\Users\AYUSH\Desktop\btp-sram-fault-diagnosis\data\sim_work\testbenches\tb_SRAM_F3_storage_pair_S6_0C_1P1V_0354_snm_read.net,C:\Users\AYUSH\Desktop\btp-sram-fault-diagnosis\data\sim_work\raw\tb_SRAM_F3_storage_pair_S6_0C_1P1V_0354_snm_read_c4bf5059.raw,C:\Users\AYUSH\Desktop\btp-sram-fault-diagnosis\data\sim_work\logs\tb_SRAM_F3_storage_pair_S6_0C_1P1V_0354_snm_read_c4bf5059.log,False,snm_nonmonotonic,LTspice 24.1.10 for Windows
C:\Users\AYUSH\Desktop\btp-sram-fault-diagnosis\data\sim_work\testbenches\tb_SRAM_F2_Q_Qb_S1_27C_1P1V_0374_snm_hold.net,C:\Users\AYUSH\Desktop\btp-sram-fault-diagnosis\data\sim_work\raw\tb_SRAM_F2_Q_Qb_S1_27C_1P1V_0374_snm_hold_c46f7890.raw,C:\Users\AYUSH\Desktop\btp-sram-fault-diagnosis\data\sim_work\logs\tb_SRAM_F2_Q_Qb_S1_27C_1P1V_0374_snm_hold_c46f7890.log,False,snm_nonmonotonic,LTspice 24.1.10 for Windows
C:\Users\AYUSH\Desktop\btp-sram-fault-diagnosis\data\sim_work\testbenches\tb_SRAM_F2_Q_Qb_S1_27C_1P1V_0374_snm_read.net,C:\Users\AYUSH\Desktop\btp-sram-fault-diagnosis\data\sim_work\raw\tb_SRAM_F2_Q_Qb_S1_27C_1P1V_0374_snm_read_69a68ea2.raw,C:\Users\AYUSH\Desktop\btp-sram-fault-diagnosis\data\sim_work\logs\tb_SRAM_F2_Q_Qb_S1_27C_1P1V_0374_snm_read_69a68ea2.log,False,snm_nonmonotonic,LTspice 24.1.10 for Windows
C:\Users\AYUSH\Desktop\btp-sram-fault-diagnosis\data\sim_work\testbenches\tb_SRAM_F2_Q_Qb_S2_27C_1P1V_0375_snm_hold.net,C:\Users\AYUSH\Desktop\btp-sram-fault-diagnosis\data\sim_work\raw\tb_SRAM_F2_Q_Qb_S2_27C_1P1V_0375_snm_hold_4a706b8b.raw,C:\Users\AYUSH\Desktop\btp-sram-fault-diagnosis\data\sim_work\logs\tb_SRAM_F2_Q_Qb_S2_27C_1P1V_0375_snm_hold_4a706b8b.log,False,snm_nonmonotonic,LTspice 24.1.10 for Windows
C:\Users\AYUSH\Desktop\btp-sram-fault-diagnosis\data\sim_work\testbenches\tb_SRAM_F2_Q_Qb_S2_27C_1P1V_0375_snm_read.net,C:\Users\AYUSH\Desktop\btp-sram-fault-diagnosis\data\sim_work\raw\tb_SRAM_F2_Q_Qb_S2_27C_1P1V_0375_snm_read_916a0ba8.raw,C:\Users\AYUSH\Desktop\btp-sram-fault-diagnosis\data\sim_work\logs\tb_SRAM_F2_Q_Qb_S2_27C_1P1V_0375_snm_read_916a0ba8.log,False,snm_nonmonotonic,LTspice 24.1.10 for Windows
C:\Users\AYUSH\Desktop\btp-sram-fault-diagnosis\data\sim_work\testbenches\tb_SRAM_F2_Q_Qb_S3_27C_1P1V_0376_snm_hold.net,C:\Users\AYUSH\Desktop\btp-sram-fault-diagnosis\data\sim_work\raw\tb_SRAM_F2_Q_Qb_S3_27C_1P1V_0376_snm_hold_0fe00f5e.raw,C:\Users\AYUSH\Desktop\btp-sram-fault-diagnosis\data\sim_work\logs\tb_SRAM_F2_Q_Qb_S3_27C_1P1V_0376_snm_hold_0fe00f5e.log,False,snm_nonmonotonic,LTspice 24.1.10 for Windows
C:\Users\AYUSH\Desktop\btp-sram-fault-diagnosis\data\sim_work\testbenches\tb_SRAM_F2_Q_Qb_S3_27C_1P1V_0376_snm_read.net,C:\Users\AYUSH\Desktop\btp-sram-fault-diagnosis\data\sim_work\raw\tb_SRAM_F2_Q_Qb_S3_27C_1P1V_0376_snm_read_1850153b.raw,C:\Users\AYUSH\Desktop\btp-sram-fault-diagnosis\data\sim_work\logs\tb_SRAM_F2_Q_Qb_S3_27C_1P1V_0376_snm_read_1850153b.log,False,snm_nonmonotonic,LTspice 24.1.10 for Windows
C:\Users\AYUSH\Desktop\btp-sram-fault-diagnosis\data\sim_work\testbenches\tb_SRAM_F2_Q_Qb_S4_27C_1P1V_0377_snm_hold.net,C:\Users\AYUSH\Desktop\btp-sram-fault-diagnosis\data\sim_work\raw\tb_SRAM_F2_Q_Qb_S4_27C_1P1V_0377_snm_hold_4b4dac5c.raw,C:\Users\AYUSH\Desktop\btp-sram-fault-diagnosis\data\sim_work\logs\tb_SRAM_F2_Q_Qb_S4_27C_1P1V_0377_snm_hold_4b4dac5c.log,False,snm_nonmonotonic,LTspice 24.1.10 for Windows
C:\Users\AYUSH\Desktop\btp-sram-fault-diagnosis\data\sim_work\testbenches\tb_SRAM_F2_Q_Qb_S4_27C_1P1V_0377_snm_read.net,C:\Users\AYUSH\Desktop\btp-sram-fault-diagnosis\data\sim_work\raw\tb_SRAM_F2_Q_Qb_S4_27C_1P1V_0377_snm_read_b6398b31.raw,C:\Users\AYUSH\Desktop\btp-sram-fault-diagnosis\data\sim_work\logs\tb_SRAM_F2_Q_Qb_S4_27C_1P1V_0377_snm_read_b6398b31.log,False,snm_nonmonotonic,LTspice 24.1.10 for Windows
C:\Users\AYUSH\Desktop\btp-sram-fault-diagnosis\data\sim_work\testbenches\tb_SRAM_F2_Q_Qb_S5_27C_1P1V_0378_snm_hold.net,C:\Users\AYUSH\Desktop\btp-sram-fault-diagnosis\data\sim_work\raw\tb_SRAM_F2_Q_Qb_S5_27C_1P1V_0378_snm_hold_9f22781d.raw,C:\Users\AYUSH\Desktop\btp-sram-fault-diagnosis\data\sim_work\logs\tb_SRAM_F2_Q_Qb_S5_27C_1P1V_0378_snm_hold_9f22781d.log,False,snm_nonmonotonic,LTspice 24.1.10 for Windows
C:\Users\AYUSH\Desktop\btp-sram-fault-diagnosis\data\sim_work\testbenches\tb_SRAM_F2_Q_Qb_S5_27C_1P1V_0378_snm_read.net,C:\Users\AYUSH\Desktop\btp-sram-fault-diagnosis\data\sim_work\raw\tb_SRAM_F2_Q_Qb_S5_27C_1P1V_0378_snm_read_7f4c859f.raw,C:\Users\AYUSH\Desktop\btp-sram-fault-diagnosis\data\sim_work\logs\tb_SRAM_F2_Q_Qb_S5_27C_1P1V_0378_snm_read_7f4c859f.log,False,snm_nonmonotonic,LTspice 24.1.10 for Windows
C:\Users\AYUSH\Desktop\btp-sram-fault-diagnosis\data\sim_work\testbenches\tb_SRAM_F3_storage_pair_S1_27C_1P1V_0379_write_0.net,C:\Users\AYUSH\Desktop\btp-sram-fault-diagnosis\data\sim_work\raw\tb_SRAM_F3_storage_pair_S1_27C_1P1V_0379_write_0_ce4cabd3.raw,C:\Users\AYUSH\Desktop\btp-sram-fault-diagnosis\data\sim_work\logs\tb_SRAM_F3_storage_pair_S1_27C_1P1V_0379_write_0_ce4cabd3.log,False,missing or empty .raw waveform output,
C:\Users\AYUSH\Desktop\btp-sram-fault-diagnosis\data\sim_work\testbenches\tb_SRAM_F3_storage_pair_S3_27C_1P1V_0381_write_0.net,C:\Users\AYUSH\Desktop\btp-sram-fault-diagnosis\data\sim_work\raw\tb_SRAM_F3_storage_pair_S3_27C_1P1V_0381_write_0_b3fd99a0.raw,C:\Users\AYUSH\Desktop\btp-sram-fault-diagnosis\data\sim_work\logs\tb_SRAM_F3_storage_pair_S3_27C_1P1V_0381_write_0_b3fd99a0.log,False,missing or empty .raw waveform output,
C:\Users\AYUSH\Desktop\btp-sram-fault-diagnosis\data\sim_work\testbenches\tb_SRAM_F3_storage_pair_S5_27C_1P1V_0383_snm_read.net,C:\Users\AYUSH\Desktop\btp-sram-fault-diagnosis\data\sim_work\raw\tb_SRAM_F3_storage_pair_S5_27C_1P1V_0383_snm_read_92bcb4b4.raw,C:\Users\AYUSH\Desktop\btp-sram-fault-diagnosis\data\sim_work\logs\tb_SRAM_F3_storage_pair_S5_27C_1P1V_0383_snm_read_92bcb4b4.log,False,snm_nonmonotonic,LTspice 24.1.10 for Windows
C:\Users\AYUSH\Desktop\btp-sram-fault-diagnosis\data\sim_work\testbenches\tb_SRAM_F3_storage_pair_S6_27C_1P1V_0384_snm_read.net,C:\Users\AYUSH\Desktop\btp-sram-fault-diagnosis\data\sim_work\raw\tb_SRAM_F3_storage_pair_S6_27C_1P1V_0384_snm_read_65f5ea79.raw,C:\Users\AYUSH\Desktop\btp-sram-fault-diagnosis\data\sim_work\logs\tb_SRAM_F3_storage_pair_S6_27C_1P1V_0384_snm_read_65f5ea79.log,False,snm_nonmonotonic,LTspice 24.1.10 for Windows
C:\Users\AYUSH\Desktop\btp-sram-fault-diagnosis\data\sim_work\testbenches\tb_SRAM_F2_Q_Qb_S1_75C_1P1V_0404_snm_hold.net,C:\Users\AYUSH\Desktop\btp-sram-fault-diagnosis\data\sim_work\raw\tb_SRAM_F2_Q_Qb_S1_75C_1P1V_0404_snm_hold_0f34fa33.raw,C:\Users\AYUSH\Desktop\btp-sram-fault-diagnosis\data\sim_work\logs\tb_SRAM_F2_Q_Qb_S1_75C_1P1V_0404_snm_hold_0f34fa33.log,False,snm_nonmonotonic,LTspice 24.1.10 for Windows
C:\Users\AYUSH\Desktop\btp-sram-fault-diagnosis\data\sim_work\testbenches\tb_SRAM_F2_Q_Qb_S1_75C_1P1V_0404_snm_read.net,C:\Users\AYUSH\Desktop\btp-sram-fault-diagnosis\data\sim_work\raw\tb_SRAM_F2_Q_Qb_S1_75C_1P1V_0404_snm_read_f0ff5100.raw,C:\Users\AYUSH\Desktop\btp-sram-fault-diagnosis\data\sim_work\logs\tb_SRAM_F2_Q_Qb_S1_75C_1P1V_0404_snm_read_f0ff5100.log,False,snm_nonmonotonic,LTspice 24.1.10 for Windows
C:\Users\AYUSH\Desktop\btp-sram-fault-diagnosis\data\sim_work\testbenches\tb_SRAM_F2_Q_Qb_S2_75C_1P1V_0405_snm_hold.net,C:\Users\AYUSH\Desktop\btp-sram-fault-diagnosis\data\sim_work\raw\tb_SRAM_F2_Q_Qb_S2_75C_1P1V_0405_snm_hold_b3f97f29.raw,C:\Users\AYUSH\Desktop\btp-sram-fault-diagnosis\data\sim_work\logs\tb_SRAM_F2_Q_Qb_S2_75C_1P1V_0405_snm_hold_b3f97f29.log,False,snm_nonmonotonic,LTspice 24.1.10 for Windows
C:\Users\AYUSH\Desktop\btp-sram-fault-diagnosis\data\sim_work\testbenches\tb_SRAM_F2_Q_Qb_S2_75C_1P1V_0405_snm_read.net,C:\Users\AYUSH\Desktop\btp-sram-fault-diagnosis\data\sim_work\raw\tb_SRAM_F2_Q_Qb_S2_75C_1P1V_0405_snm_read_4637ded3.raw,C:\Users\AYUSH\Desktop\btp-sram-fault-diagnosis\data\sim_work\logs\tb_SRAM_F2_Q_Qb_S2_75C_1P1V_0405_snm_read_4637ded3.log,False,snm_nonmonotonic,LTspice 24.1.10 for Windows
C:\Users\AYUSH\Desktop\btp-sram-fault-diagnosis\data\sim_work\testbenches\tb_SRAM_F2_Q_Qb_S3_75C_1P1V_0406_snm_hold.net,C:\Users\AYUSH\Desktop\btp-sram-fault-diagnosis\data\sim_work\raw\tb_SRAM_F2_Q_Qb_S3_75C_1P1V_0406_snm_hold_e600a579.raw,C:\Users\AYUSH\Desktop\btp-sram-fault-diagnosis\data\sim_work\logs\tb_SRAM_F2_Q_Qb_S3_75C_1P1V_0406_snm_hold_e600a579.log,False,snm_nonmonotonic,LTspice 24.1.10 for Windows
C:\Users\AYUSH\Desktop\btp-sram-fault-diagnosis\data\sim_work\testbenches\tb_SRAM_F2_Q_Qb_S3_75C_1P1V_0406_snm_read.net,C:\Users\AYUSH\Desktop\btp-sram-fault-diagnosis\data\sim_work\raw\tb_SRAM_F2_Q_Qb_S3_75C_1P1V_0406_snm_read_b8ce9da6.raw,C:\Users\AYUSH\Desktop\btp-sram-fault-diagnosis\data\sim_work\logs\tb_SRAM_F2_Q_Qb_S3_75C_1P1V_0406_snm_read_b8ce9da6.log,False,snm_nonmonotonic,LTspice 24.1.10 for Windows
C:\Users\AYUSH\Desktop\btp-sram-fault-diagnosis\data\sim_work\testbenches\tb_SRAM_F2_Q_Qb_S4_75C_1P1V_0407_snm_hold.net,C:\Users\AYUSH\Desktop\btp-sram-fault-diagnosis\data\sim_work\raw\tb_SRAM_F2_Q_Qb_S4_75C_1P1V_0407_snm_hold_8a62c3c8.raw,C:\Users\AYUSH\Desktop\btp-sram-fault-diagnosis\data\sim_work\logs\tb_SRAM_F2_Q_Qb_S4_75C_1P1V_0407_snm_hold_8a62c3c8.log,False,snm_nonmonotonic,LTspice 24.1.10 for Windows
C:\Users\AYUSH\Desktop\btp-sram-fault-diagnosis\data\sim_work\testbenches\tb_SRAM_F2_Q_Qb_S4_75C_1P1V_0407_snm_read.net,C:\Users\AYUSH\Desktop\btp-sram-fault-diagnosis\data\sim_work\raw\tb_SRAM_F2_Q_Qb_S4_75C_1P1V_0407_snm_read_5b80094c.raw,C:\Users\AYUSH\Desktop\btp-sram-fault-diagnosis\data\sim_work\logs\tb_SRAM_F2_Q_Qb_S4_75C_1P1V_0407_snm_read_5b80094c.log,False,snm_nonmonotonic,LTspice 24.1.10 for Windows
C:\Users\AYUSH\Desktop\btp-sram-fault-diagnosis\data\sim_work\testbenches\tb_SRAM_F2_Q_Qb_S5_75C_1P1V_0408_snm_hold.net,C:\Users\AYUSH\Desktop\btp-sram-fault-diagnosis\data\sim_work\raw\tb_SRAM_F2_Q_Qb_S5_75C_1P1V_0408_snm_hold_8af1b974.raw,C:\Users\AYUSH\Desktop\btp-sram-fault-diagnosis\data\sim_work\logs\tb_SRAM_F2_Q_Qb_S5_75C_1P1V_0408_snm_hold_8af1b974.log,False,snm_nonmonotonic,LTspice 24.1.10 for Windows
C:\Users\AYUSH\Desktop\btp-sram-fault-diagnosis\data\sim_work\testbenches\tb_SRAM_F2_Q_Qb_S5_75C_1P1V_0408_snm_read.net,C:\Users\AYUSH\Desktop\btp-sram-fault-diagnosis\data\sim_work\raw\tb_SRAM_F2_Q_Qb_S5_75C_1P1V_0408_snm_read_d741b3e3.raw,C:\Users\AYUSH\Desktop\btp-sram-fault-diagnosis\data\sim_work\logs\tb_SRAM_F2_Q_Qb_S5_75C_1P1V_0408_snm_read_d741b3e3.log,False,snm_nonmonotonic,LTspice 24.1.10 for Windows
C:\Users\AYUSH\Desktop\btp-sram-fault-diagnosis\data\sim_work\testbenches\tb_SRAM_F1_M6_S5_125C_1P1V_0432_read.net,C:\Users\AYUSH\Desktop\btp-sram-fault-diagnosis\data\sim_work\raw\tb_SRAM_F1_M6_S5_125C_1P1V_0432_read_79019fd0.raw,C:\Users\AYUSH\Desktop\btp-sram-fault-diagnosis\data\sim_work\logs\tb_SRAM_F1_M6_S5_125C_1P1V_0432_read_79019fd0.log,False,missing or empty .raw waveform output,
C:\Users\AYUSH\Desktop\btp-sram-fault-diagnosis\data\sim_work\testbenches\tb_SRAM_F2_Q_Qb_S1_125C_1P1V_0434_snm_hold.net,C:\Users\AYUSH\Desktop\btp-sram-fault-diagnosis\data\sim_work\raw\tb_SRAM_F2_Q_Qb_S1_125C_1P1V_0434_snm_hold_6ec68c09.raw,C:\Users\AYUSH\Desktop\btp-sram-fault-diagnosis\data\sim_work\logs\tb_SRAM_F2_Q_Qb_S1_125C_1P1V_0434_snm_hold_6ec68c09.log,False,snm_nonmonotonic,LTspice 24.1.10 for Windows
C:\Users\AYUSH\Desktop\btp-sram-fault-diagnosis\data\sim_work\testbenches\tb_SRAM_F2_Q_Qb_S1_125C_1P1V_0434_snm_read.net,C:\Users\AYUSH\Desktop\btp-sram-fault-diagnosis\data\sim_work\raw\tb_SRAM_F2_Q_Qb_S1_125C_1P1V_0434_snm_read_3d2345da.raw,C:\Users\AYUSH\Desktop\btp-sram-fault-diagnosis\data\sim_work\logs\tb_SRAM_F2_Q_Qb_S1_125C_1P1V_0434_snm_read_3d2345da.log,False,snm_nonmonotonic,LTspice 24.1.10 for Windows
C:\Users\AYUSH\Desktop\btp-sram-fault-diagnosis\data\sim_work\testbenches\tb_SRAM_F2_Q_Qb_S2_125C_1P1V_0435_snm_hold.net,C:\Users\AYUSH\Desktop\btp-sram-fault-diagnosis\data\sim_work\raw\tb_SRAM_F2_Q_Qb_S2_125C_1P1V_0435_snm_hold_20467a9f.raw,C:\Users\AYUSH\Desktop\btp-sram-fault-diagnosis\data\sim_work\logs\tb_SRAM_F2_Q_Qb_S2_125C_1P1V_0435_snm_hold_20467a9f.log,False,snm_nonmonotonic,LTspice 24.1.10 for Windows
C:\Users\AYUSH\Desktop\btp-sram-fault-diagnosis\data\sim_work\testbenches\tb_SRAM_F2_Q_Qb_S2_125C_1P1V_0435_snm_read.net,C:\Users\AYUSH\Desktop\btp-sram-fault-diagnosis\data\sim_work\raw\tb_SRAM_F2_Q_Qb_S2_125C_1P1V_0435_snm_read_0710e788.raw,C:\Users\AYUSH\Desktop\btp-sram-fault-diagnosis\data\sim_work\logs\tb_SRAM_F2_Q_Qb_S2_125C_1P1V_0435_snm_read_0710e788.log,False,snm_nonmonotonic,LTspice 24.1.10 for Windows
C:\Users\AYUSH\Desktop\btp-sram-fault-diagnosis\data\sim_work\testbenches\tb_SRAM_F2_Q_Qb_S3_125C_1P1V_0436_snm_hold.net,C:\Users\AYUSH\Desktop\btp-sram-fault-diagnosis\data\sim_work\raw\tb_SRAM_F2_Q_Qb_S3_125C_1P1V_0436_snm_hold_8b2005dc.raw,C:\Users\AYUSH\Desktop\btp-sram-fault-diagnosis\data\sim_work\logs\tb_SRAM_F2_Q_Qb_S3_125C_1P1V_0436_snm_hold_8b2005dc.log,False,snm_nonmonotonic,LTspice 24.1.10 for Windows
C:\Users\AYUSH\Desktop\btp-sram-fault-diagnosis\data\sim_work\testbenches\tb_SRAM_F2_Q_Qb_S3_125C_1P1V_0436_snm_read.net,C:\Users\AYUSH\Desktop\btp-sram-fault-diagnosis\data\sim_work\raw\tb_SRAM_F2_Q_Qb_S3_125C_1P1V_0436_snm_read_aafc10dc.raw,C:\Users\AYUSH\Desktop\btp-sram-fault-diagnosis\data\sim_work\logs\tb_SRAM_F2_Q_Qb_S3_125C_1P1V_0436_snm_read_aafc10dc.log,False,snm_nonmonotonic,LTspice 24.1.10 for Windows
C:\Users\AYUSH\Desktop\btp-sram-fault-diagnosis\data\sim_work\testbenches\tb_SRAM_F2_Q_Qb_S4_125C_1P1V_0437_snm_hold.net,C:\Users\AYUSH\Desktop\btp-sram-fault-diagnosis\data\sim_work\raw\tb_SRAM_F2_Q_Qb_S4_125C_1P1V_0437_snm_hold_c3608fb6.raw,C:\Users\AYUSH\Desktop\btp-sram-fault-diagnosis\data\sim_work\logs\tb_SRAM_F2_Q_Qb_S4_125C_1P1V_0437_snm_hold_c3608fb6.log,False,snm_nonmonotonic,LTspice 24.1.10 for Windows
C:\Users\AYUSH\Desktop\btp-sram-fault-diagnosis\data\sim_work\testbenches\tb_SRAM_F2_Q_Qb_S4_125C_1P1V_0437_snm_read.net,C:\Users\AYUSH\Desktop\btp-sram-fault-diagnosis\data\sim_work\raw\tb_SRAM_F2_Q_Qb_S4_125C_1P1V_0437_snm_read_e908989e.raw,C:\Users\AYUSH\Desktop\btp-sram-fault-diagnosis\data\sim_work\logs\tb_SRAM_F2_Q_Qb_S4_125C_1P1V_0437_snm_read_e908989e.log,False,snm_nonmonotonic,LTspice 24.1.10 for Windows
C:\Users\AYUSH\Desktop\btp-sram-fault-diagnosis\data\sim_work\testbenches\tb_SRAM_F2_Q_Qb_S5_125C_1P1V_0438_snm_hold.net,C:\Users\AYUSH\Desktop\btp-sram-fault-diagnosis\data\sim_work\raw\tb_SRAM_F2_Q_Qb_S5_125C_1P1V_0438_snm_hold_f8542bde.raw,C:\Users\AYUSH\Desktop\btp-sram-fault-diagnosis\data\sim_work\logs\tb_SRAM_F2_Q_Qb_S5_125C_1P1V_0438_snm_hold_f8542bde.log,False,snm_nonmonotonic,LTspice 24.1.10 for Windows
C:\Users\AYUSH\Desktop\btp-sram-fault-diagnosis\data\sim_work\testbenches\tb_SRAM_F2_Q_Qb_S5_125C_1P1V_0438_snm_read.net,C:\Users\AYUSH\Desktop\btp-sram-fault-diagnosis\data\sim_work\raw\tb_SRAM_F2_Q_Qb_S5_125C_1P1V_0438_snm_read_d036aa83.raw,C:\Users\AYUSH\Desktop\btp-sram-fault-diagnosis\data\sim_work\logs\tb_SRAM_F2_Q_Qb_S5_125C_1P1V_0438_snm_read_d036aa83.log,False,snm_nonmonotonic,LTspice 24.1.10 for Windows
